2026-05-26 08:56:22  INFO      sigomei.server — Iniciando servidor SIGOMEI…
2026-05-26 08:56:22  INFO      sigomei.server — Archivo de bitácora: D:\sigomei\logs\sigomei_20260526_085622.log
2026-05-26 08:56:22  INFO      sigomei.server — Controlador registrado → PYRO:sigomei.controller@localhost:9090
2026-05-26 08:56:22  INFO      sigomei.server — Esperando peticiones en localhost:9090 …
2026-05-26 08:56:23  INFO      sigomei.server — Solicitud remota recibida: login | Parámetros: ('supervisor@sigomei.mx', 'Test1234')
2026-05-26 08:56:23  INFO      sigomei.server — Operación exitosa: login | Respuesta: c151bb10-5b53-4578-933b-b727000235f9
2026-05-26 08:56:23  INFO      sigomei.server — Solicitud remota recibida: alta_equipo | Parámetros: 
2026-05-26 08:56:23  INFO      sigomei.server — Operación exitosa: alta_equipo | Respuesta: True
2026-05-26 08:56:23  INFO      sigomei.server — Solicitud remota recibida: alta_tecnico | Parámetros: 
2026-05-26 08:56:24  INFO      sigomei.server — Operación exitosa: alta_tecnico | Respuesta: True
2026-05-26 08:56:24  INFO      sigomei.server — Solicitud remota recibida: crear_orden | Parámetros: 
2026-05-26 08:56:24  INFO      sigomei.server — Operación exitosa: crear_orden | Respuesta: True
2026-05-26 08:56:24  INFO      sigomei.server — Solicitud remota recibida: asignar_tecnico | Parámetros: ('ORD-001', 'TEC-002')
2026-05-26 08:56:24  INFO      sigomei.server — Operación exitosa: asignar_tecnico | Respuesta: True
2026-05-26 08:56:24  INFO      sigomei.server — Solicitud remota recibida: crear_orden | Parámetros: 
2026-05-26 08:56:24  INFO      sigomei.server — Operación exitosa: crear_orden | Respuesta: True
2026-05-26 08:56:24  INFO      sigomei.server — Solicitud remota recibida: asignar_tecnico | Parámetros: ('ORD-002', 'TEC-002')
2026-05-26 08:56:25  INFO      sigomei.server — Operación exitosa: asignar_tecnico | Respuesta: True
2026-05-26 08:56:25  INFO      sigomei.server — Solicitud remota recibida: crear_orden | Parámetros: 
2026-05-26 08:56:25  INFO      sigomei.server — Operación exitosa: crear_orden | Respuesta: True
2026-05-26 08:56:25  INFO      sigomei.server — Solicitud remota recibida: asignar_tecnico | Parámetros: ('ORD-003', 'TEC-002')
2026-05-26 08:56:25  INFO      sigomei.server — Operación exitosa: asignar_tecnico | Respuesta: True
2026-05-26 08:56:25  INFO      sigomei.server — Solicitud remota recibida: crear_orden | Parámetros: 
2026-05-26 08:56:25  INFO      sigomei.server — Operación exitosa: crear_orden | Respuesta: True
2026-05-26 08:56:25  INFO      sigomei.server — Solicitud remota recibida: asignar_tecnico | Parámetros: ('ORD-004', 'TEC-002')
2026-05-26 08:56:26  INFO      sigomei.server — Operación exitosa: asignar_tecnico | Respuesta: True
2026-05-26 08:56:26  INFO      sigomei.server — Solicitud remota recibida: iniciar_ejecucion | Parámetros: ('ORD-001', '2026-06-11')
2026-05-26 08:56:26  INFO      sigomei.server — Operación exitosa: iniciar_ejecucion | Respuesta: True
2026-05-26 08:56:26  INFO      sigomei.server — Solicitud remota recibida: iniciar_ejecucion | Parámetros: ('ORD-002', '2026-06-12')
2026-05-26 08:56:26  INFO      sigomei.server — Operación exitosa: iniciar_ejecucion | Respuesta: True
2026-05-26 08:56:26  INFO      sigomei.server — Solicitud remota recibida: listar_ordenes_por_filtro | Parámetros: ({'estado_orden': 'Programada'},)
2026-05-26 08:56:26  INFO      sigomei.server — Operación exitosa: listar_ordenes_por_filtro | Respuesta: [{'id_orden': 'ORD-003', 'id_equipo': 'EQ-001', 'id_tecnico': 'TEC-002', 'tipo_mantenimiento': 'Preventivo', 'fecha_programada': datetime.date(2026, 6, 13), 'fecha_inicio': None, 'fecha_cierre': None, 'descripcion_trabajo': 'Revision 3', 'costo_estimado': Decimal('1000.00'), 'costo_real': None, 'estado_orden': 'Programada'}, {'id_orden': 'ORD-004', 'id_equipo': 'EQ-001', 'id_tecnico': 'TEC-002', 'tipo_mantenimiento': 'Preventivo', 'fecha_programada': datetime.date(2026, 6, 14), 'fecha_inicio': None, 'fecha_cierre': None, 'descripcion_trabajo': 'Revision 4', 'costo_estimado': Decimal('1000.00'), 'costo_real': None, 'estado_orden': 'Programada'}]
2026-05-26 09:01:01  INFO      sigomei.server — Solicitud remota recibida: login | Parámetros: ('supervisor@sigomei.mx', 'Test1234')
2026-05-26 09:01:01  INFO      sigomei.server — Operación exitosa: login | Respuesta: 28ac4c12-dcf5-48b6-8312-66a46e7bae67
2026-05-26 09:01:01  INFO      sigomei.server — Solicitud remota recibida: alta_equipo | Parámetros: 
2026-05-26 09:01:01  INFO      sigomei.server — Operación exitosa: alta_equipo | Respuesta: True
2026-05-26 09:01:01  INFO      sigomei.server — Solicitud remota recibida: alta_tecnico | Parámetros: 
2026-05-26 09:01:01  INFO      sigomei.server — Operación exitosa: alta_tecnico | Respuesta: True
2026-05-26 09:01:01  INFO      sigomei.server — Solicitud remota recibida: crear_orden | Parámetros: 
2026-05-26 09:01:01  INFO      sigomei.server — Operación exitosa: crear_orden | Respuesta: True
2026-05-26 09:01:01  INFO      sigomei.server — Solicitud remota recibida: asignar_tecnico | Parámetros: ('ORD-001', 'TEC-002')
2026-05-26 09:01:01  INFO      sigomei.server — Operación exitosa: asignar_tecnico | Respuesta: True
2026-05-26 09:01:01  INFO      sigomei.server — Solicitud remota recibida: crear_orden | Parámetros: 
2026-05-26 09:01:02  INFO      sigomei.server — Operación exitosa: crear_orden | Respuesta: True
2026-05-26 09:01:02  INFO      sigomei.server — Solicitud remota recibida: asignar_tecnico | Parámetros: ('ORD-002', 'TEC-002')
2026-05-26 09:01:02  INFO      sigomei.server — Operación exitosa: asignar_tecnico | Respuesta: True
2026-05-26 09:01:02  INFO      sigomei.server — Solicitud remota recibida: crear_orden | Parámetros: 
2026-05-26 09:01:02  INFO      sigomei.server — Operación exitosa: crear_orden | Respuesta: True
2026-05-26 09:01:02  INFO      sigomei.server — Solicitud remota recibida: asignar_tecnico | Parámetros: ('ORD-003', 'TEC-002')
2026-05-26 09:01:02  INFO      sigomei.server — Operación exitosa: asignar_tecnico | Respuesta: True
2026-05-26 09:01:02  INFO      sigomei.server — Solicitud remota recibida: crear_orden | Parámetros: 
2026-05-26 09:01:02  INFO      sigomei.server — Operación exitosa: crear_orden | Respuesta: True
2026-05-26 09:01:02  INFO      sigomei.server — Solicitud remota recibida: asignar_tecnico | Parámetros: ('ORD-004', 'TEC-002')
2026-05-26 09:01:02  INFO      sigomei.server — Operación exitosa: asignar_tecnico | Respuesta: True
2026-05-26 09:01:02  INFO      sigomei.server — Solicitud remota recibida: iniciar_ejecucion | Parámetros: ('ORD-001', '2026-06-11')
2026-05-26 09:01:03  INFO      sigomei.server — Operación exitosa: iniciar_ejecucion | Respuesta: True
2026-05-26 09:01:03  INFO      sigomei.server — Solicitud remota recibida: iniciar_ejecucion | Parámetros: ('ORD-002', '2026-06-12')
2026-05-26 09:01:03  INFO      sigomei.server — Operación exitosa: iniciar_ejecucion | Respuesta: True
2026-05-26 09:01:03  INFO      sigomei.server — Solicitud remota recibida: listar_ordenes_por_filtro | Parámetros: ({'estado_orden': 'Programada'},)
2026-05-26 09:01:03  INFO      sigomei.server — Operación exitosa: listar_ordenes_por_filtro | Respuesta: [{'id_orden': 'ORD-003', 'id_equipo': 'EQ-001', 'id_tecnico': 'TEC-002', 'tipo_mantenimiento': 'Preventivo', 'fecha_programada': datetime.date(2026, 6, 13), 'fecha_inicio': None, 'fecha_cierre': None, 'descripcion_trabajo': 'Revision 3', 'costo_estimado': Decimal('1000.00'), 'costo_real': None, 'estado_orden': 'Programada'}, {'id_orden': 'ORD-004', 'id_equipo': 'EQ-001', 'id_tecnico': 'TEC-002', 'tipo_mantenimiento': 'Preventivo', 'fecha_programada': datetime.date(2026, 6, 14), 'fecha_inicio': None, 'fecha_cierre': None, 'descripcion_trabajo': 'Revision 4', 'costo_estimado': Decimal('1000.00'), 'costo_real': None, 'estado_orden': 'Programada'}]
2026-05-26 09:01:03  INFO      sigomei.server — Solicitud remota recibida: listar_ordenes_por_filtro | Parámetros: ({'estado_orden': 'En ejecucion'},)
2026-05-26 09:01:03  INFO      sigomei.server — Operación exitosa: listar_ordenes_por_filtro | Respuesta: [{'id_orden': 'ORD-001', 'id_equipo': 'EQ-001', 'id_tecnico': 'TEC-002', 'tipo_mantenimiento': 'Preventivo', 'fecha_programada': datetime.date(2026, 6, 11), 'fecha_inicio': datetime.date(2026, 6, 11), 'fecha_cierre': None, 'descripcion_trabajo': 'Revision 1', 'costo_estimado': Decimal('1000.00'), 'costo_real': None, 'estado_orden': 'En ejecucion'}, {'id_orden': 'ORD-002', 'id_equipo': 'EQ-001', 'id_tecnico': 'TEC-002', 'tipo_mantenimiento': 'Preventivo', 'fecha_programada': datetime.date(2026, 6, 12), 'fecha_inicio': datetime.date(2026, 6, 12), 'fecha_cierre': None, 'descripcion_trabajo': 'Revision 2', 'costo_estimado': Decimal('1000.00'), 'costo_real': None, 'estado_orden': 'En ejecucion'}]
2026-05-26 09:01:03  INFO      sigomei.server — Solicitud remota recibida: alta_equipo | Parámetros: 
2026-05-26 09:01:03  INFO      sigomei.server — Operación exitosa: alta_equipo | Respuesta: True
2026-05-26 09:01:03  INFO      sigomei.server — Solicitud remota recibida: alta_tecnico | Parámetros: 
2026-05-26 09:01:03  INFO      sigomei.server — Operación exitosa: alta_tecnico | Respuesta: True
2026-05-26 09:01:03  INFO      sigomei.server — Solicitud remota recibida: crear_orden | Parámetros: 
2026-05-26 09:01:04  INFO      sigomei.server — Operación exitosa: crear_orden | Respuesta: True
2026-05-26 09:01:04  INFO      sigomei.server — Solicitud remota recibida: asignar_tecnico | Parámetros: ('ORD-001', 'TEC-002')
2026-05-26 09:01:04  INFO      sigomei.server — Operación exitosa: asignar_tecnico | Respuesta: True
2026-05-26 09:01:04  INFO      sigomei.server — Solicitud remota recibida: consultar_orden | Parámetros: ('ORD-001',)
2026-05-26 09:01:04  INFO      sigomei.server — Operación exitosa: consultar_orden | Respuesta: {'id_orden': 'ORD-001', 'id_equipo': 'EQ-001', 'id_tecnico': 'TEC-002', 'tipo_mantenimiento': 'Preventivo', 'fecha_programada': datetime.date(2026, 6, 10), 'fecha_inicio': None, 'fecha_cierre': None, 'descripcion_trabajo': 'Revision de sellos', 'costo_estimado': Decimal('1500.00'), 'costo_real': None, 'estado_orden': 'Programada'}
2026-05-26 09:01:04  INFO      sigomei.server — Solicitud remota recibida: alta_equipo | Parámetros: 
2026-05-26 09:01:04  INFO      sigomei.server — Operación exitosa: alta_equipo | Respuesta: True
2026-05-26 09:01:04  INFO      sigomei.server — Solicitud remota recibida: alta_tecnico | Parámetros: 
2026-05-26 09:01:04  INFO      sigomei.server — Operación exitosa: alta_tecnico | Respuesta: True
2026-05-26 09:01:04  INFO      sigomei.server — Solicitud remota recibida: crear_orden | Parámetros: 
2026-05-26 09:01:04  INFO      sigomei.server — Operación exitosa: crear_orden | Respuesta: True
2026-05-26 09:01:04  INFO      sigomei.server — Solicitud remota recibida: asignar_tecnico | Parámetros: ('ORD-001', 'TEC-002')
2026-05-26 09:01:04  WARNING   sigomei.server — Validación de Regla denegada en asignar_tecnico: ReglaNegocioError — RN-01: La especialidad del técnico ('Mecanico') no coincide con el tipo del equipo ('Electrico').
2026-05-26 09:01:04  INFO      sigomei.server — Solicitud remota recibida: alta_equipo | Parámetros: 
2026-05-26 09:01:04  INFO      sigomei.server — Operación exitosa: alta_equipo | Respuesta: True
2026-05-26 09:01:04  INFO      sigomei.server — Solicitud remota recibida: alta_tecnico | Parámetros: 
2026-05-26 09:01:05  INFO      sigomei.server — Operación exitosa: alta_tecnico | Respuesta: True
2026-05-26 09:01:05  INFO      sigomei.server — Solicitud remota recibida: crear_orden | Parámetros: 
2026-05-26 09:01:05  INFO      sigomei.server — Operación exitosa: crear_orden | Respuesta: True
2026-05-26 09:01:05  INFO      sigomei.server — Solicitud remota recibida: asignar_tecnico | Parámetros: ('ORD-001', 'TEC-001')
2026-05-26 09:01:05  WARNING   sigomei.server — Validación de Regla denegada en asignar_tecnico: ReglaNegocioError — RN-07: El equipo 'EQ-003' es de criticidad Alta. Se requiere nivel ≥ II; el técnico tiene nivel 'I'.
2026-05-26 09:01:05  INFO      sigomei.server — Solicitud remota recibida: alta_equipo | Parámetros: 
2026-05-26 09:01:05  INFO      sigomei.server — Operación exitosa: alta_equipo | Respuesta: True
2026-05-26 09:01:05  INFO      sigomei.server — Solicitud remota recibida: crear_orden | Parámetros: 
2026-05-26 09:01:06  INFO      sigomei.server — Operación exitosa: crear_orden | Respuesta: True
2026-05-26 09:01:06  INFO      sigomei.server — Solicitud remota recibida: crear_orden | Parámetros: 
2026-05-26 09:01:06  WARNING   sigomei.server — Rechazado en crear_orden: EntidadDuplicadaError — RN-02: El equipo 'EQ-001' ya tiene una orden activa para la fecha 2026-06-10 (id=ORD-001, estado=Programada).
2026-05-26 09:01:06  INFO      sigomei.server — Solicitud remota recibida: alta_equipo | Parámetros: 
2026-05-26 09:01:06  INFO      sigomei.server — Operación exitosa: alta_equipo | Respuesta: True
2026-05-26 09:01:06  INFO      sigomei.server — Solicitud remota recibida: alta_tecnico | Parámetros: 
2026-05-26 09:01:06  INFO      sigomei.server — Operación exitosa: alta_tecnico | Respuesta: True
2026-05-26 09:01:06  INFO      sigomei.server — Solicitud remota recibida: crear_orden | Parámetros: 
2026-05-26 09:01:07  INFO      sigomei.server — Operación exitosa: crear_orden | Respuesta: True
2026-05-26 09:01:07  INFO      sigomei.server — Solicitud remota recibida: asignar_tecnico | Parámetros: ('ORD-001', 'TEC-002')
2026-05-26 09:01:07  INFO      sigomei.server — Operación exitosa: asignar_tecnico | Respuesta: True
2026-05-26 09:01:07  INFO      sigomei.server — Solicitud remota recibida: iniciar_ejecucion | Parámetros: ('ORD-001', '2026-06-10')
2026-05-26 09:01:07  INFO      sigomei.server — Operación exitosa: iniciar_ejecucion | Respuesta: True
2026-05-26 09:01:07  INFO      sigomei.server — Solicitud remota recibida: consultar_orden | Parámetros: ('ORD-001',)
2026-05-26 09:01:07  INFO      sigomei.server — Operación exitosa: consultar_orden | Respuesta: {'id_orden': 'ORD-001', 'id_equipo': 'EQ-001', 'id_tecnico': 'TEC-002', 'tipo_mantenimiento': 'Preventivo', 'fecha_programada': datetime.date(2026, 6, 10), 'fecha_inicio': datetime.date(2026, 6, 10), 'fecha_cierre': None, 'descripcion_trabajo': 'Revision de sellos', 'costo_estimado': Decimal('1500.00'), 'costo_real': None, 'estado_orden': 'En ejecucion'}
2026-05-26 09:01:07  INFO      sigomei.server — Solicitud remota recibida: alta_equipo | Parámetros: 
2026-05-26 09:01:07  INFO      sigomei.server — Operación exitosa: alta_equipo | Respuesta: True
2026-05-26 09:01:07  INFO      sigomei.server — Solicitud remota recibida: alta_tecnico | Parámetros: 
2026-05-26 09:01:08  INFO      sigomei.server — Operación exitosa: alta_tecnico | Respuesta: True
2026-05-26 09:01:08  INFO      sigomei.server — Solicitud remota recibida: crear_orden | Parámetros: 
2026-05-26 09:01:08  INFO      sigomei.server — Operación exitosa: crear_orden | Respuesta: True
2026-05-26 09:01:08  INFO      sigomei.server — Solicitud remota recibida: asignar_tecnico | Parámetros: ('ORD-002', 'TEC-002')
2026-05-26 09:01:08  INFO      sigomei.server — Operación exitosa: asignar_tecnico | Respuesta: True
2026-05-26 09:01:08  INFO      sigomei.server — Solicitud remota recibida: iniciar_ejecucion | Parámetros: ('ORD-002', '2026-06-11')
2026-05-26 09:01:08  INFO      sigomei.server — Operación exitosa: iniciar_ejecucion | Respuesta: True
2026-05-26 09:01:08  INFO      sigomei.server — Solicitud remota recibida: consultar_orden | Parámetros: ('ORD-002',)
2026-05-26 09:01:08  INFO      sigomei.server — Operación exitosa: consultar_orden | Respuesta: {'id_orden': 'ORD-002', 'id_equipo': 'EQ-001', 'id_tecnico': 'TEC-002', 'tipo_mantenimiento': 'Correctivo', 'fecha_programada': datetime.date(2026, 6, 11), 'fecha_inicio': datetime.date(2026, 6, 11), 'fecha_cierre': None, 'descripcion_trabajo': 'Cambio de rodamientos', 'costo_estimado': Decimal('900.00'), 'costo_real': None, 'estado_orden': 'En ejecucion'}
2026-05-26 09:01:08  INFO      sigomei.server — Solicitud remota recibida: alta_equipo | Parámetros: 
2026-05-26 09:01:09  INFO      sigomei.server — Operación exitosa: alta_equipo | Respuesta: True
2026-05-26 09:01:09  INFO      sigomei.server — Solicitud remota recibida: alta_tecnico | Parámetros: 
2026-05-26 09:01:09  INFO      sigomei.server — Operación exitosa: alta_tecnico | Respuesta: True
2026-05-26 09:01:09  INFO      sigomei.server — Solicitud remota recibida: crear_orden | Parámetros: 
2026-05-26 09:01:09  INFO      sigomei.server — Operación exitosa: crear_orden | Respuesta: True
2026-05-26 09:01:09  INFO      sigomei.server — Solicitud remota recibida: asignar_tecnico | Parámetros: ('ORD-003', 'TEC-002')
2026-05-26 09:01:09  INFO      sigomei.server — Operación exitosa: asignar_tecnico | Respuesta: True
2026-05-26 09:01:09  INFO      sigomei.server — Solicitud remota recibida: iniciar_ejecucion | Parámetros: ('ORD-003', '2026-06-12')
2026-05-26 09:01:09  INFO      sigomei.server — Operación exitosa: iniciar_ejecucion | Respuesta: True
2026-05-26 09:01:09  INFO      sigomei.server — Solicitud remota recibida: finalizar_orden | Parámetros: ('ORD-003', '2026-06-13', 1750.0)
2026-05-26 09:01:10  INFO      sigomei.server — Operación exitosa: finalizar_orden | Respuesta: True
2026-05-26 09:01:10  INFO      sigomei.server — Solicitud remota recibida: consultar_orden | Parámetros: ('ORD-003',)
2026-05-26 09:01:10  INFO      sigomei.server — Operación exitosa: consultar_orden | Respuesta: {'id_orden': 'ORD-003', 'id_equipo': 'EQ-001', 'id_tecnico': 'TEC-002', 'tipo_mantenimiento': 'Preventivo', 'fecha_programada': datetime.date(2026, 6, 12), 'fecha_inicio': datetime.date(2026, 6, 12), 'fecha_cierre': datetime.date(2026, 6, 13), 'descripcion_trabajo': 'Revision de valvulas', 'costo_estimado': Decimal('1500.00'), 'costo_real': Decimal('1750.00'), 'estado_orden': 'Finalizada'}
2026-05-26 09:01:10  INFO      sigomei.server — Solicitud remota recibida: alta_equipo | Parámetros: 
2026-05-26 09:01:10  INFO      sigomei.server — Operación exitosa: alta_equipo | Respuesta: True
2026-05-26 09:01:10  INFO      sigomei.server — Solicitud remota recibida: alta_tecnico | Parámetros: 
2026-05-26 09:01:10  INFO      sigomei.server — Operación exitosa: alta_tecnico | Respuesta: True
2026-05-26 09:01:10  INFO      sigomei.server — Solicitud remota recibida: crear_orden | Parámetros: 
2026-05-26 09:01:10  INFO      sigomei.server — Operación exitosa: crear_orden | Respuesta: True
2026-05-26 09:01:10  INFO      sigomei.server — Solicitud remota recibida: asignar_tecnico | Parámetros: ('ORD-004', 'TEC-002')
2026-05-26 09:01:10  INFO      sigomei.server — Operación exitosa: asignar_tecnico | Respuesta: True
2026-05-26 09:01:10  INFO      sigomei.server — Solicitud remota recibida: iniciar_ejecucion | Parámetros: ('ORD-004', '2026-06-13')
2026-05-26 09:01:10  INFO      sigomei.server — Operación exitosa: iniciar_ejecucion | Respuesta: True
2026-05-26 09:01:10  INFO      sigomei.server — Solicitud remota recibida: finalizar_orden | Parámetros: ('ORD-004', '2026-06-14', None)
2026-05-26 09:01:11  WARNING   sigomei.server — Validación de Regla denegada en finalizar_orden: ReglaNegocioError — RN-06: El costo real es obligatorio al finalizar.
2026-05-26 09:01:11  INFO      sigomei.server — Solicitud remota recibida: consultar_orden | Parámetros: ('ORD-004',)
2026-05-26 09:01:11  INFO      sigomei.server — Operación exitosa: consultar_orden | Respuesta: {'id_orden': 'ORD-004', 'id_equipo': 'EQ-001', 'id_tecnico': 'TEC-002', 'tipo_mantenimiento': 'Correctivo', 'fecha_programada': datetime.date(2026, 6, 13), 'fecha_inicio': datetime.date(2026, 6, 13), 'fecha_cierre': None, 'descripcion_trabajo': 'Reparacion de bomba', 'costo_estimado': Decimal('2000.00'), 'costo_real': None, 'estado_orden': 'En ejecucion'}
2026-05-26 09:01:11  INFO      sigomei.server — Solicitud remota recibida: alta_equipo | Parámetros: 
2026-05-26 09:01:11  INFO      sigomei.server — Operación exitosa: alta_equipo | Respuesta: True
2026-05-26 09:01:11  INFO      sigomei.server — Solicitud remota recibida: crear_orden | Parámetros: 
2026-05-26 09:01:11  INFO      sigomei.server — Operación exitosa: crear_orden | Respuesta: True
2026-05-26 09:01:11  INFO      sigomei.server — Solicitud remota recibida: cancelar_orden | Parámetros: ('ORD-005',)
2026-05-26 09:01:11  INFO      sigomei.server — Operación exitosa: cancelar_orden | Respuesta: True
2026-05-26 09:01:11  INFO      sigomei.server — Solicitud remota recibida: consultar_orden | Parámetros: ('ORD-005',)
2026-05-26 09:01:11  INFO      sigomei.server — Operación exitosa: consultar_orden | Respuesta: {'id_orden': 'ORD-005', 'id_equipo': 'EQ-001', 'id_tecnico': None, 'tipo_mantenimiento': 'Preventivo', 'fecha_programada': datetime.date(2026, 6, 15), 'fecha_inicio': None, 'fecha_cierre': None, 'descripcion_trabajo': 'Revision preventiva', 'costo_estimado': Decimal('1000.00'), 'costo_real': None, 'estado_orden': 'Cancelada'}
2026-05-26 09:01:11  INFO      sigomei.server — Solicitud remota recibida: alta_equipo | Parámetros: 
2026-05-26 09:01:11  INFO      sigomei.server — Operación exitosa: alta_equipo | Respuesta: True
2026-05-26 09:01:11  INFO      sigomei.server — Solicitud remota recibida: alta_tecnico | Parámetros: 
2026-05-26 09:01:12  INFO      sigomei.server — Operación exitosa: alta_tecnico | Respuesta: True
2026-05-26 09:01:12  INFO      sigomei.server — Solicitud remota recibida: crear_orden | Parámetros: 
2026-05-26 09:01:12  INFO      sigomei.server — Operación exitosa: crear_orden | Respuesta: True
2026-05-26 09:01:12  INFO      sigomei.server — Solicitud remota recibida: asignar_tecnico | Parámetros: ('ORD-ACT', 'TEC-003')
2026-05-26 09:01:12  INFO      sigomei.server — Operación exitosa: asignar_tecnico | Respuesta: True
2026-05-26 09:01:12  INFO      sigomei.server — Solicitud remota recibida: iniciar_ejecucion | Parámetros: ('ORD-ACT', '2026-06-10')
2026-05-26 09:01:12  INFO      sigomei.server — Operación exitosa: iniciar_ejecucion | Respuesta: True
2026-05-26 09:01:12  INFO      sigomei.server — Solicitud remota recibida: alta_equipo | Parámetros: 
2026-05-26 09:01:12  INFO      sigomei.server — Operación exitosa: alta_equipo | Respuesta: True
2026-05-26 09:01:12  INFO      sigomei.server — Solicitud remota recibida: crear_orden | Parámetros: 
2026-05-26 09:01:13  INFO      sigomei.server — Operación exitosa: crear_orden | Respuesta: True
2026-05-26 09:01:13  INFO      sigomei.server — Solicitud remota recibida: asignar_tecnico | Parámetros: ('ORD-NEW', 'TEC-003')
2026-05-26 09:01:13  WARNING   sigomei.server — Validación de Regla denegada en asignar_tecnico: ReglaNegocioError — No es posible asignar un técnico con una orden En ejecucion
2026-05-26 09:01:13  INFO      sigomei.server — Solicitud remota recibida: alta_equipo | Parámetros: 
2026-05-26 09:01:13  INFO      sigomei.server — Operación exitosa: alta_equipo | Respuesta: True
2026-05-26 09:01:13  INFO      sigomei.server — Solicitud remota recibida: alta_equipo | Parámetros: 
2026-05-26 09:01:13  INFO      sigomei.server — Operación exitosa: alta_equipo | Respuesta: True
2026-05-26 09:01:13  INFO      sigomei.server — Solicitud remota recibida: alta_tecnico | Parámetros: 
2026-05-26 09:01:13  INFO      sigomei.server — Operación exitosa: alta_tecnico | Respuesta: True
2026-05-26 09:01:13  INFO      sigomei.server — Solicitud remota recibida: alta_tecnico | Parámetros: 
2026-05-26 09:01:13  INFO      sigomei.server — Operación exitosa: alta_tecnico | Respuesta: True
2026-05-26 09:01:13  INFO      sigomei.server — Solicitud remota recibida: crear_orden | Parámetros: 
2026-05-26 09:01:13  INFO      sigomei.server — Operación exitosa: crear_orden | Respuesta: True
2026-05-26 09:01:13  INFO      sigomei.server — Solicitud remota recibida: asignar_tecnico | Parámetros: ('ORD-H01', 'TEC-002')
2026-05-26 09:01:14  INFO      sigomei.server — Operación exitosa: asignar_tecnico | Respuesta: True
2026-05-26 09:01:14  INFO      sigomei.server — Solicitud remota recibida: iniciar_ejecucion | Parámetros: ('ORD-H01', '2026-01-01')
2026-05-26 09:01:14  INFO      sigomei.server — Operación exitosa: iniciar_ejecucion | Respuesta: True
2026-05-26 09:01:14  INFO      sigomei.server — Solicitud remota recibida: finalizar_orden | Parámetros: ('ORD-H01', '2026-01-02', 550.0)
2026-05-26 09:01:14  INFO      sigomei.server — Operación exitosa: finalizar_orden | Respuesta: True
2026-05-26 09:01:14  INFO      sigomei.server — Solicitud remota recibida: crear_orden | Parámetros: 
2026-05-26 09:01:14  INFO      sigomei.server — Operación exitosa: crear_orden | Respuesta: True
2026-05-26 09:01:14  INFO      sigomei.server — Solicitud remota recibida: asignar_tecnico | Parámetros: ('ORD-H02', 'TEC-002')
2026-05-26 09:01:14  INFO      sigomei.server — Operación exitosa: asignar_tecnico | Respuesta: True
2026-05-26 09:01:14  INFO      sigomei.server — Solicitud remota recibida: iniciar_ejecucion | Parámetros: ('ORD-H02', '2026-01-02')
2026-05-26 09:01:14  INFO      sigomei.server — Operación exitosa: iniciar_ejecucion | Respuesta: True
2026-05-26 09:01:14  INFO      sigomei.server — Solicitud remota recibida: finalizar_orden | Parámetros: ('ORD-H02', '2026-01-03', 550.0)
2026-05-26 09:01:15  INFO      sigomei.server — Operación exitosa: finalizar_orden | Respuesta: True
2026-05-26 09:01:15  INFO      sigomei.server — Solicitud remota recibida: crear_orden | Parámetros: 
2026-05-26 09:01:15  INFO      sigomei.server — Operación exitosa: crear_orden | Respuesta: True
2026-05-26 09:01:15  INFO      sigomei.server — Solicitud remota recibida: asignar_tecnico | Parámetros: ('ORD-H03', 'TEC-003')
2026-05-26 09:01:15  INFO      sigomei.server — Operación exitosa: asignar_tecnico | Respuesta: True
2026-05-26 09:01:15  INFO      sigomei.server — Solicitud remota recibida: iniciar_ejecucion | Parámetros: ('ORD-H03', '2026-01-03')
2026-05-26 09:01:15  INFO      sigomei.server — Operación exitosa: iniciar_ejecucion | Respuesta: True
2026-05-26 09:01:15  INFO      sigomei.server — Solicitud remota recibida: finalizar_orden | Parámetros: ('ORD-H03', '2026-01-04', 550.0)
2026-05-26 09:01:15  INFO      sigomei.server — Operación exitosa: finalizar_orden | Respuesta: True
2026-05-26 09:01:15  INFO      sigomei.server — Solicitud remota recibida: listar_ordenes_por_filtro | Parámetros: ({'estado_orden': 'Finalizada', 'id_equipo': 'EQ-001'},)
2026-05-26 09:01:15  INFO      sigomei.server — Operación exitosa: listar_ordenes_por_filtro | Respuesta: [{'id_orden': 'ORD-H01', 'id_equipo': 'EQ-001', 'id_tecnico': 'TEC-002', 'tipo_mantenimiento': 'Preventivo', 'fecha_programada': datetime.date(2026, 1, 1), 'fecha_inicio': datetime.date(2026, 1, 1), 'fecha_cierre': datetime.date(2026, 1, 2), 'descripcion_trabajo': 'Historico', 'costo_estimado': Decimal('500.00'), 'costo_real': Decimal('550.00'), 'estado_orden': 'Finalizada'}, {'id_orden': 'ORD-H02', 'id_equipo': 'EQ-001', 'id_tecnico': 'TEC-002', 'tipo_mantenimiento': 'Preventivo', 'fecha_programada': datetime.date(2026, 1, 2), 'fecha_inicio': datetime.date(2026, 1, 2), 'fecha_cierre': datetime.date(2026, 1, 3), 'descripcion_trabajo': 'Historico', 'costo_estimado': Decimal('500.00'), 'costo_real': Decimal('550.00'), 'estado_orden': 'Finalizada'}]
2026-05-26 09:01:15  INFO      sigomei.server — Solicitud remota recibida: alta_equipo | Parámetros: 
2026-05-26 09:01:15  INFO      sigomei.server — Operación exitosa: alta_equipo | Respuesta: True
2026-05-26 09:01:15  INFO      sigomei.server — Solicitud remota recibida: crear_orden | Parámetros: 
2026-05-26 09:01:15  WARNING   sigomei.server — Validación de Regla denegada en crear_orden: ReglaNegocioError — 
2026-05-26 09:01:15  INFO      sigomei.server — Solicitud remota recibida: alta_equipo | Parámetros: 
2026-05-26 09:01:15  INFO      sigomei.server — Operación exitosa: alta_equipo | Respuesta: True
2026-05-26 09:01:15  INFO      sigomei.server — Solicitud remota recibida: alta_tecnico | Parámetros: 
2026-05-26 09:01:16  INFO      sigomei.server — Operación exitosa: alta_tecnico | Respuesta: True
2026-05-26 09:01:16  INFO      sigomei.server — Solicitud remota recibida: crear_orden | Parámetros: 
2026-05-26 09:01:16  INFO      sigomei.server — Operación exitosa: crear_orden | Respuesta: True
2026-05-26 09:01:16  INFO      sigomei.server — Solicitud remota recibida: asignar_tecnico | Parámetros: ('ORD-006', 'TEC-002')
2026-05-26 09:01:16  INFO      sigomei.server — Operación exitosa: asignar_tecnico | Respuesta: True
2026-05-26 09:01:16  INFO      sigomei.server — Solicitud remota recibida: iniciar_ejecucion | Parámetros: ('ORD-006', '2026-05-10')
2026-05-26 09:01:16  INFO      sigomei.server — Operación exitosa: iniciar_ejecucion | Respuesta: True
2026-05-26 09:01:16  INFO      sigomei.server — Solicitud remota recibida: finalizar_orden | Parámetros: ('ORD-006', '2026-05-09', 800.0)
2026-05-26 09:01:16  WARNING   sigomei.server — Validación de Regla denegada en finalizar_orden: ReglaNegocioError — RN-05: La fecha de cierre (2026-05-09) no puede ser anterior a la fecha de inicio (2026-05-10).
2026-05-26 09:01:16  INFO      sigomei.server — Solicitud remota recibida: alta_equipo | Parámetros: 
2026-05-26 09:01:16  INFO      sigomei.server — Operación exitosa: alta_equipo | Respuesta: True
2026-05-26 09:01:16  INFO      sigomei.server — Solicitud remota recibida: alta_tecnico | Parámetros: 
2026-05-26 09:01:16  INFO      sigomei.server — Operación exitosa: alta_tecnico | Respuesta: True
2026-05-26 09:01:16  INFO      sigomei.server — Solicitud remota recibida: alta_tecnico | Parámetros: 
2026-05-26 09:01:17  INFO      sigomei.server — Operación exitosa: alta_tecnico | Respuesta: True
2026-05-26 09:01:17  INFO      sigomei.server — Solicitud remota recibida: crear_orden | Parámetros: 
2026-05-26 09:01:17  INFO      sigomei.server — Operación exitosa: crear_orden | Respuesta: True
2026-05-26 09:01:17  INFO      sigomei.server — Solicitud remota recibida: asignar_tecnico | Parámetros: ('ORD-007', 'TEC-002')
2026-05-26 09:01:17  INFO      sigomei.server — Operación exitosa: asignar_tecnico | Respuesta: True
2026-05-26 09:01:17  INFO      sigomei.server — Solicitud remota recibida: asignar_tecnico | Parámetros: ('ORD-007', 'TEC-PED')
2026-05-26 09:01:17  INFO      sigomei.server — Operación exitosa: asignar_tecnico | Respuesta: True
2026-05-26 09:01:17  INFO      sigomei.server — Solicitud remota recibida: consultar_orden | Parámetros: ('ORD-007',)
2026-05-26 09:01:17  INFO      sigomei.server — Operación exitosa: consultar_orden | Respuesta: {'id_orden': 'ORD-007', 'id_equipo': 'EQ-001', 'id_tecnico': 'TEC-PED', 'tipo_mantenimiento': 'Preventivo', 'fecha_programada': datetime.date(2026, 6, 25), 'fecha_inicio': None, 'fecha_cierre': None, 'descripcion_trabajo': 'Mantenimiento mensual', 'costo_estimado': Decimal('1300.00'), 'costo_real': None, 'estado_orden': 'Programada'}
2026-05-26 09:01:17  INFO      sigomei.server — Solicitud remota recibida: alta_equipo | Parámetros: 
2026-05-26 09:01:18  INFO      sigomei.server — Operación exitosa: alta_equipo | Respuesta: True
2026-05-26 09:01:18  INFO      sigomei.server — Solicitud remota recibida: alta_equipo | Parámetros: 
2026-05-26 09:01:18  WARNING   sigomei.server — Rechazado en alta_equipo: EntidadDuplicadaError — Ya existe un equipo con número de serie 'NS-001'
2026-05-26 09:01:18  INFO      sigomei.server — Solicitud remota recibida: alta_tecnico | Parámetros: 
2026-05-26 09:01:18  INFO      sigomei.server — Operación exitosa: alta_tecnico | Respuesta: True
2026-05-26 09:01:18  INFO      sigomei.server — Solicitud remota recibida: consultar_tecnico | Parámetros: ('TEC-001',)
2026-05-26 09:01:18  INFO      sigomei.server — Operación exitosa: consultar_tecnico | Respuesta: {'id_tecnico': 'TEC-001', 'nombre_completo': 'Luis Omar Mendoza', 'rfc': 'LOMA900101ABC', 'telefono': '9211234567', 'correo': 'luis@sigomei.mx', 'especialidad': 'Electrico', 'nivel_certificacion': 'II', 'fecha_ingreso': datetime.date(2026, 1, 1), 'estatus': 'Activo'}
2026-05-26 09:01:18  INFO      sigomei.server — Solicitud remota recibida: alta_tecnico | Parámetros: 
2026-05-26 09:01:18  INFO      sigomei.server — Operación exitosa: alta_tecnico | Respuesta: True
2026-05-26 09:01:18  INFO      sigomei.server — Solicitud remota recibida: baja_tecnico | Parámetros: ('TEC-002',)
2026-05-26 09:01:18  INFO      sigomei.server — Operación exitosa: baja_tecnico | Respuesta: True
2026-05-26 09:01:18  INFO      sigomei.server — Solicitud remota recibida: consultar_tecnico | Parámetros: ('TEC-002',)
2026-05-26 09:01:18  INFO      sigomei.server — Operación exitosa: consultar_tecnico | Respuesta: {'id_tecnico': 'TEC-002', 'nombre_completo': 'Jose Ramírez', 'rfc': 'RAJM800101XYZ', 'telefono': '9219876543', 'correo': 'jose@sigomei.mx', 'especialidad': 'Mecanico', 'nivel_certificacion': 'I', 'fecha_ingreso': datetime.date(2024, 1, 1), 'estatus': 'Inactivo'}
2026-05-26 09:01:18  INFO      sigomei.server — Solicitud remota recibida: alta_equipo | Parámetros: 
2026-05-26 09:01:18  INFO      sigomei.server — Operación exitosa: alta_equipo | Respuesta: True
2026-05-26 09:01:18  INFO      sigomei.server — Solicitud remota recibida: alta_tecnico | Parámetros: 
2026-05-26 09:01:19  INFO      sigomei.server — Operación exitosa: alta_tecnico | Respuesta: True
2026-05-26 09:01:19  INFO      sigomei.server — Solicitud remota recibida: crear_orden | Parámetros: 
2026-05-26 09:01:19  INFO      sigomei.server — Operación exitosa: crear_orden | Respuesta: True
2026-05-26 09:01:19  INFO      sigomei.server — Solicitud remota recibida: asignar_tecnico | Parámetros: ('ORD-H01', 'TEC-003')
2026-05-26 09:01:19  INFO      sigomei.server — Operación exitosa: asignar_tecnico | Respuesta: True
2026-05-26 09:01:19  INFO      sigomei.server — Solicitud remota recibida: iniciar_ejecucion | Parámetros: ('ORD-H01', '2026-01-10')
2026-05-26 09:01:19  INFO      sigomei.server — Operación exitosa: iniciar_ejecucion | Respuesta: True
2026-05-26 09:01:19  INFO      sigomei.server — Solicitud remota recibida: finalizar_orden | Parámetros: ('ORD-H01', '2026-01-11', 550.0)
2026-05-26 09:01:19  INFO      sigomei.server — Operación exitosa: finalizar_orden | Respuesta: True
2026-05-26 09:01:19  INFO      sigomei.server — Solicitud remota recibida: baja_tecnico | Parámetros: ('TEC-003',)
2026-05-26 09:01:19  INFO      sigomei.server — Operación exitosa: baja_tecnico | Respuesta: True
2026-05-26 09:01:19  INFO      sigomei.server — Solicitud remota recibida: consultar_tecnico | Parámetros: ('TEC-003',)
2026-05-26 09:01:19  INFO      sigomei.server — Operación exitosa: consultar_tecnico | Respuesta: {'id_tecnico': 'TEC-003', 'nombre_completo': 'Carlos López', 'rfc': 'LOCC850101CCC', 'telefono': '9210002222', 'correo': 'carlos@sigomei.mx', 'especialidad': 'Mecanico', 'nivel_certificacion': 'II', 'fecha_ingreso': datetime.date(2023, 1, 1), 'estatus': 'Inactivo'}
2026-05-26 09:01:19  INFO      sigomei.server — Solicitud remota recibida: alta_equipo | Parámetros: 
2026-05-26 09:01:20  INFO      sigomei.server — Operación exitosa: alta_equipo | Respuesta: True
2026-05-26 09:01:20  INFO      sigomei.server — Solicitud remota recibida: alta_tecnico | Parámetros: 
2026-05-26 09:01:20  INFO      sigomei.server — Operación exitosa: alta_tecnico | Respuesta: True
2026-05-26 09:01:20  INFO      sigomei.server — Solicitud remota recibida: baja_tecnico | Parámetros: ('TEC-004',)
2026-05-26 09:01:20  INFO      sigomei.server — Operación exitosa: baja_tecnico | Respuesta: True
2026-05-26 09:01:20  INFO      sigomei.server — Solicitud remota recibida: crear_orden | Parámetros: 
2026-05-26 09:01:20  INFO      sigomei.server — Operación exitosa: crear_orden | Respuesta: True
2026-05-26 09:01:20  INFO      sigomei.server — Solicitud remota recibida: asignar_tecnico | Parámetros: ('ORD-002', 'TEC-004')
2026-05-26 09:01:20  WARNING   sigomei.server — Validación de Regla denegada en asignar_tecnico: ReglaNegocioError — RN-03: El técnico 'TEC-004' está Inactivo y no puede ser asignado a una orden.
2026-05-26 09:01:43  INFO      sigomei.server — Solicitud remota recibida: login | Parámetros: ('supervisor@sigomei.mx', 'Test1234')
2026-05-26 09:01:43  INFO      sigomei.server — Operación exitosa: login | Respuesta: ca1c2d2c-4df8-436c-a6ff-59bda3599571
2026-05-26 09:01:43  INFO      sigomei.server — Solicitud remota recibida: alta_equipo | Parámetros: 
2026-05-26 09:01:43  INFO      sigomei.server — Operación exitosa: alta_equipo | Respuesta: True
2026-05-26 09:01:43  INFO      sigomei.server — Solicitud remota recibida: alta_tecnico | Parámetros: 
2026-05-26 09:01:43  INFO      sigomei.server — Operación exitosa: alta_tecnico | Respuesta: True
2026-05-26 09:01:43  INFO      sigomei.server — Solicitud remota recibida: crear_orden | Parámetros: 
2026-05-26 09:01:43  INFO      sigomei.server — Operación exitosa: crear_orden | Respuesta: True
2026-05-26 09:01:43  INFO      sigomei.server — Solicitud remota recibida: asignar_tecnico | Parámetros: ('ORD-001', 'TEC-002')
2026-05-26 09:01:43  INFO      sigomei.server — Operación exitosa: asignar_tecnico | Respuesta: True
2026-05-26 09:01:43  INFO      sigomei.server — Solicitud remota recibida: crear_orden | Parámetros: 
2026-05-26 09:01:43  INFO      sigomei.server — Operación exitosa: crear_orden | Respuesta: True
2026-05-26 09:01:43  INFO      sigomei.server — Solicitud remota recibida: asignar_tecnico | Parámetros: ('ORD-002', 'TEC-002')
2026-05-26 09:01:43  INFO      sigomei.server — Operación exitosa: asignar_tecnico | Respuesta: True
2026-05-26 09:01:43  INFO      sigomei.server — Solicitud remota recibida: crear_orden | Parámetros: 
2026-05-26 09:01:44  INFO      sigomei.server — Operación exitosa: crear_orden | Respuesta: True
2026-05-26 09:01:44  INFO      sigomei.server — Solicitud remota recibida: asignar_tecnico | Parámetros: ('ORD-003', 'TEC-002')
2026-05-26 09:01:44  INFO      sigomei.server — Operación exitosa: asignar_tecnico | Respuesta: True
2026-05-26 09:01:44  INFO      sigomei.server — Solicitud remota recibida: crear_orden | Parámetros: 
2026-05-26 09:01:44  INFO      sigomei.server — Operación exitosa: crear_orden | Respuesta: True
2026-05-26 09:01:44  INFO      sigomei.server — Solicitud remota recibida: asignar_tecnico | Parámetros: ('ORD-004', 'TEC-002')
2026-05-26 09:01:44  INFO      sigomei.server — Operación exitosa: asignar_tecnico | Respuesta: True
2026-05-26 09:01:44  INFO      sigomei.server — Solicitud remota recibida: iniciar_ejecucion | Parámetros: ('ORD-001', '2026-06-11')
2026-05-26 09:01:44  INFO      sigomei.server — Operación exitosa: iniciar_ejecucion | Respuesta: True
2026-05-26 09:01:44  INFO      sigomei.server — Solicitud remota recibida: iniciar_ejecucion | Parámetros: ('ORD-002', '2026-06-12')
2026-05-26 09:01:44  INFO      sigomei.server — Operación exitosa: iniciar_ejecucion | Respuesta: True
2026-05-26 09:01:44  INFO      sigomei.server — Solicitud remota recibida: listar_ordenes_por_filtro | Parámetros: ({'estado_orden': 'Programada'},)
2026-05-26 09:01:44  INFO      sigomei.server — Operación exitosa: listar_ordenes_por_filtro | Respuesta: [{'id_orden': 'ORD-003', 'id_equipo': 'EQ-001', 'id_tecnico': 'TEC-002', 'tipo_mantenimiento': 'Preventivo', 'fecha_programada': datetime.date(2026, 6, 13), 'fecha_inicio': None, 'fecha_cierre': None, 'descripcion_trabajo': 'Revision 3', 'costo_estimado': Decimal('1000.00'), 'costo_real': None, 'estado_orden': 'Programada'}, {'id_orden': 'ORD-004', 'id_equipo': 'EQ-001', 'id_tecnico': 'TEC-002', 'tipo_mantenimiento': 'Preventivo', 'fecha_programada': datetime.date(2026, 6, 14), 'fecha_inicio': None, 'fecha_cierre': None, 'descripcion_trabajo': 'Revision 4', 'costo_estimado': Decimal('1000.00'), 'costo_real': None, 'estado_orden': 'Programada'}]
2026-05-26 09:01:44  INFO      sigomei.server — Solicitud remota recibida: listar_ordenes_por_filtro | Parámetros: ({'estado_orden': 'En ejecucion'},)
2026-05-26 09:01:44  INFO      sigomei.server — Operación exitosa: listar_ordenes_por_filtro | Respuesta: [{'id_orden': 'ORD-001', 'id_equipo': 'EQ-001', 'id_tecnico': 'TEC-002', 'tipo_mantenimiento': 'Preventivo', 'fecha_programada': datetime.date(2026, 6, 11), 'fecha_inicio': datetime.date(2026, 6, 11), 'fecha_cierre': None, 'descripcion_trabajo': 'Revision 1', 'costo_estimado': Decimal('1000.00'), 'costo_real': None, 'estado_orden': 'En ejecucion'}, {'id_orden': 'ORD-002', 'id_equipo': 'EQ-001', 'id_tecnico': 'TEC-002', 'tipo_mantenimiento': 'Preventivo', 'fecha_programada': datetime.date(2026, 6, 12), 'fecha_inicio': datetime.date(2026, 6, 12), 'fecha_cierre': None, 'descripcion_trabajo': 'Revision 2', 'costo_estimado': Decimal('1000.00'), 'costo_real': None, 'estado_orden': 'En ejecucion'}]
2026-05-26 09:01:45  INFO      sigomei.server — Solicitud remota recibida: alta_equipo | Parámetros: 
2026-05-26 09:01:45  INFO      sigomei.server — Operación exitosa: alta_equipo | Respuesta: True
2026-05-26 09:01:45  INFO      sigomei.server — Solicitud remota recibida: alta_tecnico | Parámetros: 
2026-05-26 09:01:45  INFO      sigomei.server — Operación exitosa: alta_tecnico | Respuesta: True
2026-05-26 09:01:45  INFO      sigomei.server — Solicitud remota recibida: crear_orden | Parámetros: 
2026-05-26 09:01:45  INFO      sigomei.server — Operación exitosa: crear_orden | Respuesta: True
2026-05-26 09:01:45  INFO      sigomei.server — Solicitud remota recibida: asignar_tecnico | Parámetros: ('ORD-001', 'TEC-002')
2026-05-26 09:01:45  INFO      sigomei.server — Operación exitosa: asignar_tecnico | Respuesta: True
2026-05-26 09:01:45  INFO      sigomei.server — Solicitud remota recibida: consultar_orden | Parámetros: ('ORD-001',)
2026-05-26 09:01:45  INFO      sigomei.server — Operación exitosa: consultar_orden | Respuesta: {'id_orden': 'ORD-001', 'id_equipo': 'EQ-001', 'id_tecnico': 'TEC-002', 'tipo_mantenimiento': 'Preventivo', 'fecha_programada': datetime.date(2026, 6, 10), 'fecha_inicio': None, 'fecha_cierre': None, 'descripcion_trabajo': 'Revision de sellos', 'costo_estimado': Decimal('1500.00'), 'costo_real': None, 'estado_orden': 'Programada'}
2026-05-26 09:01:45  INFO      sigomei.server — Solicitud remota recibida: alta_equipo | Parámetros: 
2026-05-26 09:01:45  INFO      sigomei.server — Operación exitosa: alta_equipo | Respuesta: True
2026-05-26 09:01:45  INFO      sigomei.server — Solicitud remota recibida: alta_tecnico | Parámetros: 
2026-05-26 09:01:45  INFO      sigomei.server — Operación exitosa: alta_tecnico | Respuesta: True
2026-05-26 09:01:45  INFO      sigomei.server — Solicitud remota recibida: crear_orden | Parámetros: 
2026-05-26 09:01:46  INFO      sigomei.server — Operación exitosa: crear_orden | Respuesta: True
2026-05-26 09:01:46  INFO      sigomei.server — Solicitud remota recibida: asignar_tecnico | Parámetros: ('ORD-001', 'TEC-002')
2026-05-26 09:01:46  WARNING   sigomei.server — Validación de Regla denegada en asignar_tecnico: ReglaNegocioError — RN-01: La especialidad del técnico ('Mecanico') no coincide con el tipo del equipo ('Electrico').
2026-05-26 09:01:46  INFO      sigomei.server — Solicitud remota recibida: alta_equipo | Parámetros: 
2026-05-26 09:01:46  INFO      sigomei.server — Operación exitosa: alta_equipo | Respuesta: True
2026-05-26 09:01:46  INFO      sigomei.server — Solicitud remota recibida: alta_tecnico | Parámetros: 
2026-05-26 09:01:46  INFO      sigomei.server — Operación exitosa: alta_tecnico | Respuesta: True
2026-05-26 09:01:46  INFO      sigomei.server — Solicitud remota recibida: crear_orden | Parámetros: 
2026-05-26 09:01:46  INFO      sigomei.server — Operación exitosa: crear_orden | Respuesta: True
2026-05-26 09:01:46  INFO      sigomei.server — Solicitud remota recibida: asignar_tecnico | Parámetros: ('ORD-001', 'TEC-001')
2026-05-26 09:01:46  WARNING   sigomei.server — Validación de Regla denegada en asignar_tecnico: ReglaNegocioError — RN-07: El equipo 'EQ-003' es de criticidad Alta. Se requiere nivel ≥ II; el técnico tiene nivel 'I'.
2026-05-26 09:01:46  INFO      sigomei.server — Solicitud remota recibida: alta_equipo | Parámetros: 
2026-05-26 09:01:47  INFO      sigomei.server — Operación exitosa: alta_equipo | Respuesta: True
2026-05-26 09:01:47  INFO      sigomei.server — Solicitud remota recibida: crear_orden | Parámetros: 
2026-05-26 09:01:47  INFO      sigomei.server — Operación exitosa: crear_orden | Respuesta: True
2026-05-26 09:01:47  INFO      sigomei.server — Solicitud remota recibida: crear_orden | Parámetros: 
2026-05-26 09:01:47  WARNING   sigomei.server — Rechazado en crear_orden: EntidadDuplicadaError — RN-02: El equipo 'EQ-001' ya tiene una orden activa para la fecha 2026-06-10 (id=ORD-001, estado=Programada).
2026-05-26 09:01:47  INFO      sigomei.server — Solicitud remota recibida: alta_equipo | Parámetros: 
2026-05-26 09:01:47  INFO      sigomei.server — Operación exitosa: alta_equipo | Respuesta: True
2026-05-26 09:01:47  INFO      sigomei.server — Solicitud remota recibida: alta_tecnico | Parámetros: 
2026-05-26 09:01:47  INFO      sigomei.server — Operación exitosa: alta_tecnico | Respuesta: True
2026-05-26 09:01:47  INFO      sigomei.server — Solicitud remota recibida: crear_orden | Parámetros: 
2026-05-26 09:01:47  INFO      sigomei.server — Operación exitosa: crear_orden | Respuesta: True
2026-05-26 09:01:47  INFO      sigomei.server — Solicitud remota recibida: asignar_tecnico | Parámetros: ('ORD-001', 'TEC-002')
2026-05-26 09:01:47  INFO      sigomei.server — Operación exitosa: asignar_tecnico | Respuesta: True
2026-05-26 09:01:47  INFO      sigomei.server — Solicitud remota recibida: iniciar_ejecucion | Parámetros: ('ORD-001', '2026-06-10')
2026-05-26 09:01:48  INFO      sigomei.server — Operación exitosa: iniciar_ejecucion | Respuesta: True
2026-05-26 09:01:48  INFO      sigomei.server — Solicitud remota recibida: consultar_orden | Parámetros: ('ORD-001',)
2026-05-26 09:01:48  INFO      sigomei.server — Operación exitosa: consultar_orden | Respuesta: {'id_orden': 'ORD-001', 'id_equipo': 'EQ-001', 'id_tecnico': 'TEC-002', 'tipo_mantenimiento': 'Preventivo', 'fecha_programada': datetime.date(2026, 6, 10), 'fecha_inicio': datetime.date(2026, 6, 10), 'fecha_cierre': None, 'descripcion_trabajo': 'Revision de sellos', 'costo_estimado': Decimal('1500.00'), 'costo_real': None, 'estado_orden': 'En ejecucion'}
2026-05-26 09:01:48  INFO      sigomei.server — Solicitud remota recibida: alta_equipo | Parámetros: 
2026-05-26 09:01:48  INFO      sigomei.server — Operación exitosa: alta_equipo | Respuesta: True
2026-05-26 09:01:48  INFO      sigomei.server — Solicitud remota recibida: alta_tecnico | Parámetros: 
2026-05-26 09:01:48  INFO      sigomei.server — Operación exitosa: alta_tecnico | Respuesta: True
2026-05-26 09:01:48  INFO      sigomei.server — Solicitud remota recibida: crear_orden | Parámetros: 
2026-05-26 09:01:48  INFO      sigomei.server — Operación exitosa: crear_orden | Respuesta: True
2026-05-26 09:01:48  INFO      sigomei.server — Solicitud remota recibida: asignar_tecnico | Parámetros: ('ORD-002', 'TEC-002')
2026-05-26 09:01:49  INFO      sigomei.server — Operación exitosa: asignar_tecnico | Respuesta: True
2026-05-26 09:01:49  INFO      sigomei.server — Solicitud remota recibida: iniciar_ejecucion | Parámetros: ('ORD-002', '2026-06-11')
2026-05-26 09:01:49  INFO      sigomei.server — Operación exitosa: iniciar_ejecucion | Respuesta: True
2026-05-26 09:01:49  INFO      sigomei.server — Solicitud remota recibida: consultar_orden | Parámetros: ('ORD-002',)
2026-05-26 09:01:49  INFO      sigomei.server — Operación exitosa: consultar_orden | Respuesta: {'id_orden': 'ORD-002', 'id_equipo': 'EQ-001', 'id_tecnico': 'TEC-002', 'tipo_mantenimiento': 'Correctivo', 'fecha_programada': datetime.date(2026, 6, 11), 'fecha_inicio': datetime.date(2026, 6, 11), 'fecha_cierre': None, 'descripcion_trabajo': 'Cambio de rodamientos', 'costo_estimado': Decimal('900.00'), 'costo_real': None, 'estado_orden': 'En ejecucion'}
2026-05-26 09:01:49  INFO      sigomei.server — Solicitud remota recibida: alta_equipo | Parámetros: 
2026-05-26 09:01:49  INFO      sigomei.server — Operación exitosa: alta_equipo | Respuesta: True
2026-05-26 09:01:49  INFO      sigomei.server — Solicitud remota recibida: alta_tecnico | Parámetros: 
2026-05-26 09:01:49  INFO      sigomei.server — Operación exitosa: alta_tecnico | Respuesta: True
2026-05-26 09:01:49  INFO      sigomei.server — Solicitud remota recibida: crear_orden | Parámetros: 
2026-05-26 09:01:50  INFO      sigomei.server — Operación exitosa: crear_orden | Respuesta: True
2026-05-26 09:01:50  INFO      sigomei.server — Solicitud remota recibida: asignar_tecnico | Parámetros: ('ORD-003', 'TEC-002')
2026-05-26 09:01:50  INFO      sigomei.server — Operación exitosa: asignar_tecnico | Respuesta: True
2026-05-26 09:01:50  INFO      sigomei.server — Solicitud remota recibida: iniciar_ejecucion | Parámetros: ('ORD-003', '2026-06-12')
2026-05-26 09:01:50  INFO      sigomei.server — Operación exitosa: iniciar_ejecucion | Respuesta: True
2026-05-26 09:01:50  INFO      sigomei.server — Solicitud remota recibida: finalizar_orden | Parámetros: ('ORD-003', '2026-06-13', 1750.0)
2026-05-26 09:01:50  INFO      sigomei.server — Operación exitosa: finalizar_orden | Respuesta: True
2026-05-26 09:01:50  INFO      sigomei.server — Solicitud remota recibida: consultar_orden | Parámetros: ('ORD-003',)
2026-05-26 09:01:50  INFO      sigomei.server — Operación exitosa: consultar_orden | Respuesta: {'id_orden': 'ORD-003', 'id_equipo': 'EQ-001', 'id_tecnico': 'TEC-002', 'tipo_mantenimiento': 'Preventivo', 'fecha_programada': datetime.date(2026, 6, 12), 'fecha_inicio': datetime.date(2026, 6, 12), 'fecha_cierre': datetime.date(2026, 6, 13), 'descripcion_trabajo': 'Revision de valvulas', 'costo_estimado': Decimal('1500.00'), 'costo_real': Decimal('1750.00'), 'estado_orden': 'Finalizada'}
2026-05-26 09:01:50  INFO      sigomei.server — Solicitud remota recibida: alta_equipo | Parámetros: 
2026-05-26 09:01:50  INFO      sigomei.server — Operación exitosa: alta_equipo | Respuesta: True
2026-05-26 09:01:50  INFO      sigomei.server — Solicitud remota recibida: alta_tecnico | Parámetros: 
2026-05-26 09:01:51  INFO      sigomei.server — Operación exitosa: alta_tecnico | Respuesta: True
2026-05-26 09:01:51  INFO      sigomei.server — Solicitud remota recibida: crear_orden | Parámetros: 
2026-05-26 09:01:51  INFO      sigomei.server — Operación exitosa: crear_orden | Respuesta: True
2026-05-26 09:01:51  INFO      sigomei.server — Solicitud remota recibida: asignar_tecnico | Parámetros: ('ORD-004', 'TEC-002')
2026-05-26 09:01:51  INFO      sigomei.server — Operación exitosa: asignar_tecnico | Respuesta: True
2026-05-26 09:01:51  INFO      sigomei.server — Solicitud remota recibida: iniciar_ejecucion | Parámetros: ('ORD-004', '2026-06-13')
2026-05-26 09:01:51  INFO      sigomei.server — Operación exitosa: iniciar_ejecucion | Respuesta: True
2026-05-26 09:01:51  INFO      sigomei.server — Solicitud remota recibida: finalizar_orden | Parámetros: ('ORD-004', '2026-06-14', None)
2026-05-26 09:01:51  WARNING   sigomei.server — Validación de Regla denegada en finalizar_orden: ReglaNegocioError — RN-06: El costo real es obligatorio al finalizar.
2026-05-26 09:01:51  INFO      sigomei.server — Solicitud remota recibida: consultar_orden | Parámetros: ('ORD-004',)
2026-05-26 09:01:51  INFO      sigomei.server — Operación exitosa: consultar_orden | Respuesta: {'id_orden': 'ORD-004', 'id_equipo': 'EQ-001', 'id_tecnico': 'TEC-002', 'tipo_mantenimiento': 'Correctivo', 'fecha_programada': datetime.date(2026, 6, 13), 'fecha_inicio': datetime.date(2026, 6, 13), 'fecha_cierre': None, 'descripcion_trabajo': 'Reparacion de bomba', 'costo_estimado': Decimal('2000.00'), 'costo_real': None, 'estado_orden': 'En ejecucion'}
2026-05-26 09:01:51  INFO      sigomei.server — Solicitud remota recibida: alta_equipo | Parámetros: 
2026-05-26 09:01:51  INFO      sigomei.server — Operación exitosa: alta_equipo | Respuesta: True
2026-05-26 09:01:51  INFO      sigomei.server — Solicitud remota recibida: crear_orden | Parámetros: 
2026-05-26 09:01:52  INFO      sigomei.server — Operación exitosa: crear_orden | Respuesta: True
2026-05-26 09:01:52  INFO      sigomei.server — Solicitud remota recibida: cancelar_orden | Parámetros: ('ORD-005',)
2026-05-26 09:01:52  INFO      sigomei.server — Operación exitosa: cancelar_orden | Respuesta: True
2026-05-26 09:01:52  INFO      sigomei.server — Solicitud remota recibida: consultar_orden | Parámetros: ('ORD-005',)
2026-05-26 09:01:52  INFO      sigomei.server — Operación exitosa: consultar_orden | Respuesta: {'id_orden': 'ORD-005', 'id_equipo': 'EQ-001', 'id_tecnico': None, 'tipo_mantenimiento': 'Preventivo', 'fecha_programada': datetime.date(2026, 6, 15), 'fecha_inicio': None, 'fecha_cierre': None, 'descripcion_trabajo': 'Revision preventiva', 'costo_estimado': Decimal('1000.00'), 'costo_real': None, 'estado_orden': 'Cancelada'}
2026-05-26 09:01:52  INFO      sigomei.server — Solicitud remota recibida: alta_equipo | Parámetros: 
2026-05-26 09:01:52  INFO      sigomei.server — Operación exitosa: alta_equipo | Respuesta: True
2026-05-26 09:01:52  INFO      sigomei.server — Solicitud remota recibida: alta_tecnico | Parámetros: 
2026-05-26 09:01:52  INFO      sigomei.server — Operación exitosa: alta_tecnico | Respuesta: True
2026-05-26 09:01:52  INFO      sigomei.server — Solicitud remota recibida: crear_orden | Parámetros: 
2026-05-26 09:01:52  INFO      sigomei.server — Operación exitosa: crear_orden | Respuesta: True
2026-05-26 09:01:52  INFO      sigomei.server — Solicitud remota recibida: asignar_tecnico | Parámetros: ('ORD-ACT', 'TEC-003')
2026-05-26 09:01:52  INFO      sigomei.server — Operación exitosa: asignar_tecnico | Respuesta: True
2026-05-26 09:01:52  INFO      sigomei.server — Solicitud remota recibida: iniciar_ejecucion | Parámetros: ('ORD-ACT', '2026-06-10')
2026-05-26 09:01:53  INFO      sigomei.server — Operación exitosa: iniciar_ejecucion | Respuesta: True
2026-05-26 09:01:53  INFO      sigomei.server — Solicitud remota recibida: alta_equipo | Parámetros: 
2026-05-26 09:01:53  INFO      sigomei.server — Operación exitosa: alta_equipo | Respuesta: True
2026-05-26 09:01:53  INFO      sigomei.server — Solicitud remota recibida: crear_orden | Parámetros: 
2026-05-26 09:01:53  INFO      sigomei.server — Operación exitosa: crear_orden | Respuesta: True
2026-05-26 09:01:53  INFO      sigomei.server — Solicitud remota recibida: asignar_tecnico | Parámetros: ('ORD-NEW', 'TEC-003')
2026-05-26 09:01:53  WARNING   sigomei.server — Validación de Regla denegada en asignar_tecnico: ReglaNegocioError — No es posible asignar un técnico con una orden En ejecucion
2026-05-26 09:01:53  INFO      sigomei.server — Solicitud remota recibida: alta_equipo | Parámetros: 
2026-05-26 09:01:53  INFO      sigomei.server — Operación exitosa: alta_equipo | Respuesta: True
2026-05-26 09:01:53  INFO      sigomei.server — Solicitud remota recibida: alta_equipo | Parámetros: 
2026-05-26 09:01:53  INFO      sigomei.server — Operación exitosa: alta_equipo | Respuesta: True
2026-05-26 09:01:53  INFO      sigomei.server — Solicitud remota recibida: alta_tecnico | Parámetros: 
2026-05-26 09:01:53  INFO      sigomei.server — Operación exitosa: alta_tecnico | Respuesta: True
2026-05-26 09:01:53  INFO      sigomei.server — Solicitud remota recibida: alta_tecnico | Parámetros: 
2026-05-26 09:01:54  INFO      sigomei.server — Operación exitosa: alta_tecnico | Respuesta: True
2026-05-26 09:01:54  INFO      sigomei.server — Solicitud remota recibida: crear_orden | Parámetros: 
2026-05-26 09:01:54  INFO      sigomei.server — Operación exitosa: crear_orden | Respuesta: True
2026-05-26 09:01:54  INFO      sigomei.server — Solicitud remota recibida: asignar_tecnico | Parámetros: ('ORD-H01', 'TEC-002')
2026-05-26 09:01:54  INFO      sigomei.server — Operación exitosa: asignar_tecnico | Respuesta: True
2026-05-26 09:01:54  INFO      sigomei.server — Solicitud remota recibida: iniciar_ejecucion | Parámetros: ('ORD-H01', '2026-01-01')
2026-05-26 09:01:54  INFO      sigomei.server — Operación exitosa: iniciar_ejecucion | Respuesta: True
2026-05-26 09:01:54  INFO      sigomei.server — Solicitud remota recibida: finalizar_orden | Parámetros: ('ORD-H01', '2026-01-02', 550.0)
2026-05-26 09:01:54  INFO      sigomei.server — Operación exitosa: finalizar_orden | Respuesta: True
2026-05-26 09:01:54  INFO      sigomei.server — Solicitud remota recibida: crear_orden | Parámetros: 
2026-05-26 09:01:54  INFO      sigomei.server — Operación exitosa: crear_orden | Respuesta: True
2026-05-26 09:01:54  INFO      sigomei.server — Solicitud remota recibida: asignar_tecnico | Parámetros: ('ORD-H02', 'TEC-002')
2026-05-26 09:01:54  INFO      sigomei.server — Operación exitosa: asignar_tecnico | Respuesta: True
2026-05-26 09:01:54  INFO      sigomei.server — Solicitud remota recibida: iniciar_ejecucion | Parámetros: ('ORD-H02', '2026-01-02')
2026-05-26 09:01:54  INFO      sigomei.server — Operación exitosa: iniciar_ejecucion | Respuesta: True
2026-05-26 09:01:54  INFO      sigomei.server — Solicitud remota recibida: finalizar_orden | Parámetros: ('ORD-H02', '2026-01-03', 550.0)
2026-05-26 09:01:55  INFO      sigomei.server — Operación exitosa: finalizar_orden | Respuesta: True
2026-05-26 09:01:55  INFO      sigomei.server — Solicitud remota recibida: crear_orden | Parámetros: 
2026-05-26 09:01:55  INFO      sigomei.server — Operación exitosa: crear_orden | Respuesta: True
2026-05-26 09:01:55  INFO      sigomei.server — Solicitud remota recibida: asignar_tecnico | Parámetros: ('ORD-H03', 'TEC-003')
2026-05-26 09:01:55  INFO      sigomei.server — Operación exitosa: asignar_tecnico | Respuesta: True
2026-05-26 09:01:55  INFO      sigomei.server — Solicitud remota recibida: iniciar_ejecucion | Parámetros: ('ORD-H03', '2026-01-03')
2026-05-26 09:01:55  INFO      sigomei.server — Operación exitosa: iniciar_ejecucion | Respuesta: True
2026-05-26 09:01:55  INFO      sigomei.server — Solicitud remota recibida: finalizar_orden | Parámetros: ('ORD-H03', '2026-01-04', 550.0)
2026-05-26 09:01:55  INFO      sigomei.server — Operación exitosa: finalizar_orden | Respuesta: True
2026-05-26 09:01:55  INFO      sigomei.server — Solicitud remota recibida: listar_ordenes_por_filtro | Parámetros: ({'estado_orden': 'Finalizada', 'id_equipo': 'EQ-001'},)
2026-05-26 09:01:55  INFO      sigomei.server — Operación exitosa: listar_ordenes_por_filtro | Respuesta: [{'id_orden': 'ORD-H01', 'id_equipo': 'EQ-001', 'id_tecnico': 'TEC-002', 'tipo_mantenimiento': 'Preventivo', 'fecha_programada': datetime.date(2026, 1, 1), 'fecha_inicio': datetime.date(2026, 1, 1), 'fecha_cierre': datetime.date(2026, 1, 2), 'descripcion_trabajo': 'Historico', 'costo_estimado': Decimal('500.00'), 'costo_real': Decimal('550.00'), 'estado_orden': 'Finalizada'}, {'id_orden': 'ORD-H02', 'id_equipo': 'EQ-001', 'id_tecnico': 'TEC-002', 'tipo_mantenimiento': 'Preventivo', 'fecha_programada': datetime.date(2026, 1, 2), 'fecha_inicio': datetime.date(2026, 1, 2), 'fecha_cierre': datetime.date(2026, 1, 3), 'descripcion_trabajo': 'Historico', 'costo_estimado': Decimal('500.00'), 'costo_real': Decimal('550.00'), 'estado_orden': 'Finalizada'}]
2026-05-26 09:01:55  INFO      sigomei.server — Solicitud remota recibida: alta_equipo | Parámetros: 
2026-05-26 09:01:56  INFO      sigomei.server — Operación exitosa: alta_equipo | Respuesta: True
2026-05-26 09:01:56  INFO      sigomei.server — Solicitud remota recibida: crear_orden | Parámetros: 
2026-05-26 09:01:56  WARNING   sigomei.server — Validación de Regla denegada en crear_orden: ReglaNegocioError — 
2026-05-26 09:01:56  INFO      sigomei.server — Solicitud remota recibida: alta_equipo | Parámetros: 
2026-05-26 09:01:56  INFO      sigomei.server — Operación exitosa: alta_equipo | Respuesta: True
2026-05-26 09:01:56  INFO      sigomei.server — Solicitud remota recibida: alta_tecnico | Parámetros: 
2026-05-26 09:01:56  INFO      sigomei.server — Operación exitosa: alta_tecnico | Respuesta: True
2026-05-26 09:01:56  INFO      sigomei.server — Solicitud remota recibida: crear_orden | Parámetros: 
2026-05-26 09:01:56  INFO      sigomei.server — Operación exitosa: crear_orden | Respuesta: True
2026-05-26 09:01:56  INFO      sigomei.server — Solicitud remota recibida: asignar_tecnico | Parámetros: ('ORD-006', 'TEC-002')
2026-05-26 09:01:56  INFO      sigomei.server — Operación exitosa: asignar_tecnico | Respuesta: True
2026-05-26 09:01:56  INFO      sigomei.server — Solicitud remota recibida: iniciar_ejecucion | Parámetros: ('ORD-006', '2026-05-10')
2026-05-26 09:01:56  INFO      sigomei.server — Operación exitosa: iniciar_ejecucion | Respuesta: True
2026-05-26 09:01:56  INFO      sigomei.server — Solicitud remota recibida: finalizar_orden | Parámetros: ('ORD-006', '2026-05-09', 800.0)
2026-05-26 09:01:56  WARNING   sigomei.server — Validación de Regla denegada en finalizar_orden: ReglaNegocioError — RN-05: La fecha de cierre (2026-05-09) no puede ser anterior a la fecha de inicio (2026-05-10).
2026-05-26 09:01:56  INFO      sigomei.server — Solicitud remota recibida: alta_equipo | Parámetros: 
2026-05-26 09:01:57  INFO      sigomei.server — Operación exitosa: alta_equipo | Respuesta: True
2026-05-26 09:01:57  INFO      sigomei.server — Solicitud remota recibida: alta_tecnico | Parámetros: 
2026-05-26 09:01:57  INFO      sigomei.server — Operación exitosa: alta_tecnico | Respuesta: True
2026-05-26 09:01:57  INFO      sigomei.server — Solicitud remota recibida: alta_tecnico | Parámetros: 
2026-05-26 09:01:57  INFO      sigomei.server — Operación exitosa: alta_tecnico | Respuesta: True
2026-05-26 09:01:57  INFO      sigomei.server — Solicitud remota recibida: crear_orden | Parámetros: 
2026-05-26 09:01:57  INFO      sigomei.server — Operación exitosa: crear_orden | Respuesta: True
2026-05-26 09:01:57  INFO      sigomei.server — Solicitud remota recibida: asignar_tecnico | Parámetros: ('ORD-007', 'TEC-002')
2026-05-26 09:01:57  INFO      sigomei.server — Operación exitosa: asignar_tecnico | Respuesta: True
2026-05-26 09:01:57  INFO      sigomei.server — Solicitud remota recibida: asignar_tecnico | Parámetros: ('ORD-007', 'TEC-PED')
2026-05-26 09:01:57  INFO      sigomei.server — Operación exitosa: asignar_tecnico | Respuesta: True
2026-05-26 09:01:57  INFO      sigomei.server — Solicitud remota recibida: consultar_orden | Parámetros: ('ORD-007',)
2026-05-26 09:01:58  INFO      sigomei.server — Operación exitosa: consultar_orden | Respuesta: {'id_orden': 'ORD-007', 'id_equipo': 'EQ-001', 'id_tecnico': 'TEC-PED', 'tipo_mantenimiento': 'Preventivo', 'fecha_programada': datetime.date(2026, 6, 25), 'fecha_inicio': None, 'fecha_cierre': None, 'descripcion_trabajo': 'Mantenimiento mensual', 'costo_estimado': Decimal('1300.00'), 'costo_real': None, 'estado_orden': 'Programada'}
2026-05-26 09:01:58  INFO      sigomei.server — Solicitud remota recibida: alta_equipo | Parámetros: 
2026-05-26 09:01:58  INFO      sigomei.server — Operación exitosa: alta_equipo | Respuesta: True
2026-05-26 09:01:58  INFO      sigomei.server — Solicitud remota recibida: alta_equipo | Parámetros: 
2026-05-26 09:01:58  WARNING   sigomei.server — Rechazado en alta_equipo: EntidadDuplicadaError — Ya existe un equipo con número de serie 'NS-001'
2026-05-26 09:01:58  INFO      sigomei.server — Solicitud remota recibida: alta_tecnico | Parámetros: 
2026-05-26 09:01:58  INFO      sigomei.server — Operación exitosa: alta_tecnico | Respuesta: True
2026-05-26 09:01:58  INFO      sigomei.server — Solicitud remota recibida: consultar_tecnico | Parámetros: ('TEC-001',)
2026-05-26 09:01:58  INFO      sigomei.server — Operación exitosa: consultar_tecnico | Respuesta: {'id_tecnico': 'TEC-001', 'nombre_completo': 'Luis Omar Mendoza', 'rfc': 'LOMA900101ABC', 'telefono': '9211234567', 'correo': 'luis@sigomei.mx', 'especialidad': 'Electrico', 'nivel_certificacion': 'II', 'fecha_ingreso': datetime.date(2026, 1, 1), 'estatus': 'Activo'}
2026-05-26 09:01:58  INFO      sigomei.server — Solicitud remota recibida: alta_tecnico | Parámetros: 
2026-05-26 09:01:58  INFO      sigomei.server — Operación exitosa: alta_tecnico | Respuesta: True
2026-05-26 09:01:58  INFO      sigomei.server — Solicitud remota recibida: baja_tecnico | Parámetros: ('TEC-002',)
2026-05-26 09:01:58  INFO      sigomei.server — Operación exitosa: baja_tecnico | Respuesta: True
2026-05-26 09:01:58  INFO      sigomei.server — Solicitud remota recibida: consultar_tecnico | Parámetros: ('TEC-002',)
2026-05-26 09:01:58  INFO      sigomei.server — Operación exitosa: consultar_tecnico | Respuesta: {'id_tecnico': 'TEC-002', 'nombre_completo': 'Jose Ramírez', 'rfc': 'RAJM800101XYZ', 'telefono': '9219876543', 'correo': 'jose@sigomei.mx', 'especialidad': 'Mecanico', 'nivel_certificacion': 'I', 'fecha_ingreso': datetime.date(2024, 1, 1), 'estatus': 'Inactivo'}
2026-05-26 09:01:58  INFO      sigomei.server — Solicitud remota recibida: alta_equipo | Parámetros: 
2026-05-26 09:01:59  INFO      sigomei.server — Operación exitosa: alta_equipo | Respuesta: True
2026-05-26 09:01:59  INFO      sigomei.server — Solicitud remota recibida: alta_tecnico | Parámetros: 
2026-05-26 09:01:59  INFO      sigomei.server — Operación exitosa: alta_tecnico | Respuesta: True
2026-05-26 09:01:59  INFO      sigomei.server — Solicitud remota recibida: crear_orden | Parámetros: 
2026-05-26 09:01:59  INFO      sigomei.server — Operación exitosa: crear_orden | Respuesta: True
2026-05-26 09:01:59  INFO      sigomei.server — Solicitud remota recibida: asignar_tecnico | Parámetros: ('ORD-H01', 'TEC-003')
2026-05-26 09:01:59  INFO      sigomei.server — Operación exitosa: asignar_tecnico | Respuesta: True
2026-05-26 09:01:59  INFO      sigomei.server — Solicitud remota recibida: iniciar_ejecucion | Parámetros: ('ORD-H01', '2026-01-10')
2026-05-26 09:01:59  INFO      sigomei.server — Operación exitosa: iniciar_ejecucion | Respuesta: True
2026-05-26 09:01:59  INFO      sigomei.server — Solicitud remota recibida: finalizar_orden | Parámetros: ('ORD-H01', '2026-01-11', 550.0)
2026-05-26 09:01:59  INFO      sigomei.server — Operación exitosa: finalizar_orden | Respuesta: True
2026-05-26 09:01:59  INFO      sigomei.server — Solicitud remota recibida: baja_tecnico | Parámetros: ('TEC-003',)
2026-05-26 09:01:59  INFO      sigomei.server — Operación exitosa: baja_tecnico | Respuesta: True
2026-05-26 09:01:59  INFO      sigomei.server — Solicitud remota recibida: consultar_tecnico | Parámetros: ('TEC-003',)
2026-05-26 09:01:59  INFO      sigomei.server — Operación exitosa: consultar_tecnico | Respuesta: {'id_tecnico': 'TEC-003', 'nombre_completo': 'Carlos López', 'rfc': 'LOCC850101CCC', 'telefono': '9210002222', 'correo': 'carlos@sigomei.mx', 'especialidad': 'Mecanico', 'nivel_certificacion': 'II', 'fecha_ingreso': datetime.date(2023, 1, 1), 'estatus': 'Inactivo'}
2026-05-26 09:01:59  INFO      sigomei.server — Solicitud remota recibida: alta_equipo | Parámetros: 
2026-05-26 09:02:00  INFO      sigomei.server — Operación exitosa: alta_equipo | Respuesta: True
2026-05-26 09:02:00  INFO      sigomei.server — Solicitud remota recibida: alta_tecnico | Parámetros: 
2026-05-26 09:02:00  INFO      sigomei.server — Operación exitosa: alta_tecnico | Respuesta: True
2026-05-26 09:02:00  INFO      sigomei.server — Solicitud remota recibida: baja_tecnico | Parámetros: ('TEC-004',)
2026-05-26 09:02:00  INFO      sigomei.server — Operación exitosa: baja_tecnico | Respuesta: True
2026-05-26 09:02:00  INFO      sigomei.server — Solicitud remota recibida: crear_orden | Parámetros: 
2026-05-26 09:02:00  INFO      sigomei.server — Operación exitosa: crear_orden | Respuesta: True
2026-05-26 09:02:00  INFO      sigomei.server — Solicitud remota recibida: asignar_tecnico | Parámetros: ('ORD-002', 'TEC-004')
2026-05-26 09:02:00  WARNING   sigomei.server — Validación de Regla denegada en asignar_tecnico: ReglaNegocioError — RN-03: El técnico 'TEC-004' está Inactivo y no puede ser asignado a una orden.
2026-05-26 09:13:47  INFO      sigomei.server — Solicitud remota recibida: login | Parámetros: ('supervisor@sigomei.mx', 'Test1234')
2026-05-26 09:13:47  INFO      sigomei.server — Operación exitosa: login | Respuesta: 3cac3c31-020e-4532-bacd-b4dde5b251e7
2026-05-26 09:13:47  INFO      sigomei.server — Solicitud remota recibida: alta_equipo | Parámetros: 
2026-05-26 09:13:48  INFO      sigomei.server — Operación exitosa: alta_equipo | Respuesta: True
2026-05-26 09:13:48  INFO      sigomei.server — Solicitud remota recibida: alta_tecnico | Parámetros: 
2026-05-26 09:13:48  INFO      sigomei.server — Operación exitosa: alta_tecnico | Respuesta: True
2026-05-26 09:13:48  INFO      sigomei.server — Solicitud remota recibida: crear_orden | Parámetros: 
2026-05-26 09:13:48  INFO      sigomei.server — Operación exitosa: crear_orden | Respuesta: True
2026-05-26 09:13:48  INFO      sigomei.server — Solicitud remota recibida: asignar_tecnico | Parámetros: ('ORD-001', 'TEC-002')
2026-05-26 09:13:48  INFO      sigomei.server — Operación exitosa: asignar_tecnico | Respuesta: True
2026-05-26 09:13:48  INFO      sigomei.server — Solicitud remota recibida: crear_orden | Parámetros: 
2026-05-26 09:13:48  INFO      sigomei.server — Operación exitosa: crear_orden | Respuesta: True
2026-05-26 09:13:48  INFO      sigomei.server — Solicitud remota recibida: asignar_tecnico | Parámetros: ('ORD-002', 'TEC-002')
2026-05-26 09:13:49  INFO      sigomei.server — Operación exitosa: asignar_tecnico | Respuesta: True
2026-05-26 09:13:49  INFO      sigomei.server — Solicitud remota recibida: crear_orden | Parámetros: 
2026-05-26 09:13:49  INFO      sigomei.server — Operación exitosa: crear_orden | Respuesta: True
2026-05-26 09:13:49  INFO      sigomei.server — Solicitud remota recibida: asignar_tecnico | Parámetros: ('ORD-003', 'TEC-002')
2026-05-26 09:13:49  INFO      sigomei.server — Operación exitosa: asignar_tecnico | Respuesta: True
2026-05-26 09:13:49  INFO      sigomei.server — Solicitud remota recibida: crear_orden | Parámetros: 
2026-05-26 09:13:49  INFO      sigomei.server — Operación exitosa: crear_orden | Respuesta: True
2026-05-26 09:13:49  INFO      sigomei.server — Solicitud remota recibida: asignar_tecnico | Parámetros: ('ORD-004', 'TEC-002')
2026-05-26 09:13:50  INFO      sigomei.server — Operación exitosa: asignar_tecnico | Respuesta: True
2026-05-26 09:13:50  INFO      sigomei.server — Solicitud remota recibida: iniciar_ejecucion | Parámetros: ('ORD-001', '2026-06-11')
2026-05-26 09:13:50  INFO      sigomei.server — Operación exitosa: iniciar_ejecucion | Respuesta: True
2026-05-26 09:13:50  INFO      sigomei.server — Solicitud remota recibida: iniciar_ejecucion | Parámetros: ('ORD-002', '2026-06-12')
2026-05-26 09:13:50  INFO      sigomei.server — Operación exitosa: iniciar_ejecucion | Respuesta: True
2026-05-26 09:13:50  INFO      sigomei.server — Solicitud remota recibida: listar_ordenes_por_filtro | Parámetros: ({'estado_orden': 'Programada'},)
2026-05-26 09:13:50  INFO      sigomei.server — Operación exitosa: listar_ordenes_por_filtro | Respuesta: [{'id_orden': 'ORD-003', 'id_equipo': 'EQ-001', 'id_tecnico': 'TEC-002', 'tipo_mantenimiento': 'Preventivo', 'fecha_programada': datetime.date(2026, 6, 13), 'fecha_inicio': None, 'fecha_cierre': None, 'descripcion_trabajo': 'Revision 3', 'costo_estimado': Decimal('1000.00'), 'costo_real': None, 'estado_orden': 'Programada'}, {'id_orden': 'ORD-004', 'id_equipo': 'EQ-001', 'id_tecnico': 'TEC-002', 'tipo_mantenimiento': 'Preventivo', 'fecha_programada': datetime.date(2026, 6, 14), 'fecha_inicio': None, 'fecha_cierre': None, 'descripcion_trabajo': 'Revision 4', 'costo_estimado': Decimal('1000.00'), 'costo_real': None, 'estado_orden': 'Programada'}]
2026-05-26 09:13:50  INFO      sigomei.server — Solicitud remota recibida: listar_ordenes_por_filtro | Parámetros: ({'estado_orden': 'En ejecucion'},)
2026-05-26 09:13:50  INFO      sigomei.server — Operación exitosa: listar_ordenes_por_filtro | Respuesta: [{'id_orden': 'ORD-001', 'id_equipo': 'EQ-001', 'id_tecnico': 'TEC-002', 'tipo_mantenimiento': 'Preventivo', 'fecha_programada': datetime.date(2026, 6, 11), 'fecha_inicio': datetime.date(2026, 6, 11), 'fecha_cierre': None, 'descripcion_trabajo': 'Revision 1', 'costo_estimado': Decimal('1000.00'), 'costo_real': None, 'estado_orden': 'En ejecucion'}, {'id_orden': 'ORD-002', 'id_equipo': 'EQ-001', 'id_tecnico': 'TEC-002', 'tipo_mantenimiento': 'Preventivo', 'fecha_programada': datetime.date(2026, 6, 12), 'fecha_inicio': datetime.date(2026, 6, 12), 'fecha_cierre': None, 'descripcion_trabajo': 'Revision 2', 'costo_estimado': Decimal('1000.00'), 'costo_real': None, 'estado_orden': 'En ejecucion'}]
2026-05-26 09:13:50  INFO      sigomei.server — Solicitud remota recibida: alta_equipo | Parámetros: 
2026-05-26 09:13:50  INFO      sigomei.server — Operación exitosa: alta_equipo | Respuesta: True
2026-05-26 09:13:50  INFO      sigomei.server — Solicitud remota recibida: alta_tecnico | Parámetros: 
2026-05-26 09:13:51  INFO      sigomei.server — Operación exitosa: alta_tecnico | Respuesta: True
2026-05-26 09:13:51  INFO      sigomei.server — Solicitud remota recibida: crear_orden | Parámetros: 
2026-05-26 09:13:51  INFO      sigomei.server — Operación exitosa: crear_orden | Respuesta: True
2026-05-26 09:13:51  INFO      sigomei.server — Solicitud remota recibida: asignar_tecnico | Parámetros: ('ORD-001', 'TEC-002')
2026-05-26 09:13:51  INFO      sigomei.server — Operación exitosa: asignar_tecnico | Respuesta: True
2026-05-26 09:13:51  INFO      sigomei.server — Solicitud remota recibida: consultar_orden | Parámetros: ('ORD-001',)
2026-05-26 09:13:51  INFO      sigomei.server — Operación exitosa: consultar_orden | Respuesta: {'id_orden': 'ORD-001', 'id_equipo': 'EQ-001', 'id_tecnico': 'TEC-002', 'tipo_mantenimiento': 'Preventivo', 'fecha_programada': datetime.date(2026, 6, 10), 'fecha_inicio': None, 'fecha_cierre': None, 'descripcion_trabajo': 'Revision de sellos', 'costo_estimado': Decimal('1500.00'), 'costo_real': None, 'estado_orden': 'Programada'}
2026-05-26 09:13:51  INFO      sigomei.server — Solicitud remota recibida: alta_equipo | Parámetros: 
2026-05-26 09:13:51  INFO      sigomei.server — Operación exitosa: alta_equipo | Respuesta: True
2026-05-26 09:13:51  INFO      sigomei.server — Solicitud remota recibida: alta_tecnico | Parámetros: 
2026-05-26 09:13:52  INFO      sigomei.server — Operación exitosa: alta_tecnico | Respuesta: True
2026-05-26 09:13:52  INFO      sigomei.server — Solicitud remota recibida: crear_orden | Parámetros: 
2026-05-26 09:13:52  INFO      sigomei.server — Operación exitosa: crear_orden | Respuesta: True
2026-05-26 09:13:52  INFO      sigomei.server — Solicitud remota recibida: asignar_tecnico | Parámetros: ('ORD-001', 'TEC-002')
2026-05-26 09:13:52  WARNING   sigomei.server — Validación de Regla denegada en asignar_tecnico: ReglaNegocioError — RN-01: La especialidad del técnico ('Mecanico') no coincide con el tipo del equipo ('Electrico').
2026-05-26 09:13:52  INFO      sigomei.server — Solicitud remota recibida: alta_equipo | Parámetros: 
2026-05-26 09:13:52  INFO      sigomei.server — Operación exitosa: alta_equipo | Respuesta: True
2026-05-26 09:13:52  INFO      sigomei.server — Solicitud remota recibida: alta_tecnico | Parámetros: 
2026-05-26 09:13:52  INFO      sigomei.server — Operación exitosa: alta_tecnico | Respuesta: True
2026-05-26 09:13:52  INFO      sigomei.server — Solicitud remota recibida: crear_orden | Parámetros: 
2026-05-26 09:13:52  INFO      sigomei.server — Operación exitosa: crear_orden | Respuesta: True
2026-05-26 09:13:52  INFO      sigomei.server — Solicitud remota recibida: asignar_tecnico | Parámetros: ('ORD-001', 'TEC-001')
2026-05-26 09:13:53  WARNING   sigomei.server — Validación de Regla denegada en asignar_tecnico: ReglaNegocioError — RN-07: El equipo 'EQ-003' es de criticidad Alta. Se requiere nivel ≥ II; el técnico tiene nivel 'I'.
2026-05-26 09:13:53  INFO      sigomei.server — Solicitud remota recibida: alta_equipo | Parámetros: 
2026-05-26 09:13:53  INFO      sigomei.server — Operación exitosa: alta_equipo | Respuesta: True
2026-05-26 09:13:53  INFO      sigomei.server — Solicitud remota recibida: crear_orden | Parámetros: 
2026-05-26 09:13:53  INFO      sigomei.server — Operación exitosa: crear_orden | Respuesta: True
2026-05-26 09:13:53  INFO      sigomei.server — Solicitud remota recibida: crear_orden | Parámetros: 
2026-05-26 09:13:53  WARNING   sigomei.server — Rechazado en crear_orden: EntidadDuplicadaError — RN-02: El equipo 'EQ-001' ya tiene una orden activa para la fecha 2026-06-10 (id=ORD-001, estado=Programada).
2026-05-26 09:13:53  INFO      sigomei.server — Solicitud remota recibida: alta_equipo | Parámetros: 
2026-05-26 09:13:53  INFO      sigomei.server — Operación exitosa: alta_equipo | Respuesta: True
2026-05-26 09:13:53  INFO      sigomei.server — Solicitud remota recibida: alta_tecnico | Parámetros: 
2026-05-26 09:13:54  INFO      sigomei.server — Operación exitosa: alta_tecnico | Respuesta: True
2026-05-26 09:13:54  INFO      sigomei.server — Solicitud remota recibida: crear_orden | Parámetros: 
2026-05-26 09:13:54  INFO      sigomei.server — Operación exitosa: crear_orden | Respuesta: True
2026-05-26 09:13:54  INFO      sigomei.server — Solicitud remota recibida: asignar_tecnico | Parámetros: ('ORD-001', 'TEC-002')
2026-05-26 09:13:54  INFO      sigomei.server — Operación exitosa: asignar_tecnico | Respuesta: True
2026-05-26 09:13:54  INFO      sigomei.server — Solicitud remota recibida: iniciar_ejecucion | Parámetros: ('ORD-001', '2026-06-10')
2026-05-26 09:13:54  INFO      sigomei.server — Operación exitosa: iniciar_ejecucion | Respuesta: True
2026-05-26 09:13:54  INFO      sigomei.server — Solicitud remota recibida: consultar_orden | Parámetros: ('ORD-001',)
2026-05-26 09:13:54  INFO      sigomei.server — Operación exitosa: consultar_orden | Respuesta: {'id_orden': 'ORD-001', 'id_equipo': 'EQ-001', 'id_tecnico': 'TEC-002', 'tipo_mantenimiento': 'Preventivo', 'fecha_programada': datetime.date(2026, 6, 10), 'fecha_inicio': datetime.date(2026, 6, 10), 'fecha_cierre': None, 'descripcion_trabajo': 'Revision de sellos', 'costo_estimado': Decimal('1500.00'), 'costo_real': None, 'estado_orden': 'En ejecucion'}
2026-05-26 09:13:54  INFO      sigomei.server — Solicitud remota recibida: alta_equipo | Parámetros: 
2026-05-26 09:13:55  INFO      sigomei.server — Operación exitosa: alta_equipo | Respuesta: True
2026-05-26 09:13:55  INFO      sigomei.server — Solicitud remota recibida: alta_tecnico | Parámetros: 
2026-05-26 09:13:55  INFO      sigomei.server — Operación exitosa: alta_tecnico | Respuesta: True
2026-05-26 09:13:55  INFO      sigomei.server — Solicitud remota recibida: crear_orden | Parámetros: 
2026-05-26 09:13:55  INFO      sigomei.server — Operación exitosa: crear_orden | Respuesta: True
2026-05-26 09:13:55  INFO      sigomei.server — Solicitud remota recibida: asignar_tecnico | Parámetros: ('ORD-002', 'TEC-002')
2026-05-26 09:13:55  INFO      sigomei.server — Operación exitosa: asignar_tecnico | Respuesta: True
2026-05-26 09:13:55  INFO      sigomei.server — Solicitud remota recibida: iniciar_ejecucion | Parámetros: ('ORD-002', '2026-06-11')
2026-05-26 09:13:56  INFO      sigomei.server — Operación exitosa: iniciar_ejecucion | Respuesta: True
2026-05-26 09:13:56  INFO      sigomei.server — Solicitud remota recibida: consultar_orden | Parámetros: ('ORD-002',)
2026-05-26 09:13:56  INFO      sigomei.server — Operación exitosa: consultar_orden | Respuesta: {'id_orden': 'ORD-002', 'id_equipo': 'EQ-001', 'id_tecnico': 'TEC-002', 'tipo_mantenimiento': 'Correctivo', 'fecha_programada': datetime.date(2026, 6, 11), 'fecha_inicio': datetime.date(2026, 6, 11), 'fecha_cierre': None, 'descripcion_trabajo': 'Cambio de rodamientos', 'costo_estimado': Decimal('900.00'), 'costo_real': None, 'estado_orden': 'En ejecucion'}
2026-05-26 09:13:56  INFO      sigomei.server — Solicitud remota recibida: alta_equipo | Parámetros: 
2026-05-26 09:13:56  INFO      sigomei.server — Operación exitosa: alta_equipo | Respuesta: True
2026-05-26 09:13:56  INFO      sigomei.server — Solicitud remota recibida: alta_tecnico | Parámetros: 
2026-05-26 09:13:56  INFO      sigomei.server — Operación exitosa: alta_tecnico | Respuesta: True
2026-05-26 09:13:56  INFO      sigomei.server — Solicitud remota recibida: crear_orden | Parámetros: 
2026-05-26 09:13:56  INFO      sigomei.server — Operación exitosa: crear_orden | Respuesta: True
2026-05-26 09:13:56  INFO      sigomei.server — Solicitud remota recibida: asignar_tecnico | Parámetros: ('ORD-003', 'TEC-002')
2026-05-26 09:13:57  INFO      sigomei.server — Operación exitosa: asignar_tecnico | Respuesta: True
2026-05-26 09:13:57  INFO      sigomei.server — Solicitud remota recibida: iniciar_ejecucion | Parámetros: ('ORD-003', '2026-06-12')
2026-05-26 09:13:57  INFO      sigomei.server — Operación exitosa: iniciar_ejecucion | Respuesta: True
2026-05-26 09:13:57  INFO      sigomei.server — Solicitud remota recibida: finalizar_orden | Parámetros: ('ORD-003', '2026-06-13', 1750.0)
2026-05-26 09:13:57  INFO      sigomei.server — Operación exitosa: finalizar_orden | Respuesta: True
2026-05-26 09:13:57  INFO      sigomei.server — Solicitud remota recibida: consultar_orden | Parámetros: ('ORD-003',)
2026-05-26 09:13:57  INFO      sigomei.server — Operación exitosa: consultar_orden | Respuesta: {'id_orden': 'ORD-003', 'id_equipo': 'EQ-001', 'id_tecnico': 'TEC-002', 'tipo_mantenimiento': 'Preventivo', 'fecha_programada': datetime.date(2026, 6, 12), 'fecha_inicio': datetime.date(2026, 6, 12), 'fecha_cierre': datetime.date(2026, 6, 13), 'descripcion_trabajo': 'Revision de valvulas', 'costo_estimado': Decimal('1500.00'), 'costo_real': Decimal('1750.00'), 'estado_orden': 'Finalizada'}
2026-05-26 09:13:57  INFO      sigomei.server — Solicitud remota recibida: alta_equipo | Parámetros: 
2026-05-26 09:13:58  INFO      sigomei.server — Operación exitosa: alta_equipo | Respuesta: True
2026-05-26 09:13:58  INFO      sigomei.server — Solicitud remota recibida: alta_tecnico | Parámetros: 
2026-05-26 09:13:58  INFO      sigomei.server — Operación exitosa: alta_tecnico | Respuesta: True
2026-05-26 09:13:58  INFO      sigomei.server — Solicitud remota recibida: crear_orden | Parámetros: 
2026-05-26 09:13:58  INFO      sigomei.server — Operación exitosa: crear_orden | Respuesta: True
2026-05-26 09:13:58  INFO      sigomei.server — Solicitud remota recibida: asignar_tecnico | Parámetros: ('ORD-004', 'TEC-002')
2026-05-26 09:13:58  INFO      sigomei.server — Operación exitosa: asignar_tecnico | Respuesta: True
2026-05-26 09:13:58  INFO      sigomei.server — Solicitud remota recibida: iniciar_ejecucion | Parámetros: ('ORD-004', '2026-06-13')
2026-05-26 09:13:58  INFO      sigomei.server — Operación exitosa: iniciar_ejecucion | Respuesta: True
2026-05-26 09:13:58  INFO      sigomei.server — Solicitud remota recibida: finalizar_orden | Parámetros: ('ORD-004', '2026-06-14', None)
2026-05-26 09:13:58  WARNING   sigomei.server — Validación de Regla denegada en finalizar_orden: ReglaNegocioError — RN-06: El costo real es obligatorio al finalizar.
2026-05-26 09:13:58  INFO      sigomei.server — Solicitud remota recibida: consultar_orden | Parámetros: ('ORD-004',)
2026-05-26 09:13:59  INFO      sigomei.server — Operación exitosa: consultar_orden | Respuesta: {'id_orden': 'ORD-004', 'id_equipo': 'EQ-001', 'id_tecnico': 'TEC-002', 'tipo_mantenimiento': 'Correctivo', 'fecha_programada': datetime.date(2026, 6, 13), 'fecha_inicio': datetime.date(2026, 6, 13), 'fecha_cierre': None, 'descripcion_trabajo': 'Reparacion de bomba', 'costo_estimado': Decimal('2000.00'), 'costo_real': None, 'estado_orden': 'En ejecucion'}
2026-05-26 09:13:59  INFO      sigomei.server — Solicitud remota recibida: alta_equipo | Parámetros: 
2026-05-26 09:13:59  INFO      sigomei.server — Operación exitosa: alta_equipo | Respuesta: True
2026-05-26 09:13:59  INFO      sigomei.server — Solicitud remota recibida: crear_orden | Parámetros: 
2026-05-26 09:13:59  INFO      sigomei.server — Operación exitosa: crear_orden | Respuesta: True
2026-05-26 09:13:59  INFO      sigomei.server — Solicitud remota recibida: cancelar_orden | Parámetros: ('ORD-005',)
2026-05-26 09:13:59  INFO      sigomei.server — Operación exitosa: cancelar_orden | Respuesta: True
2026-05-26 09:13:59  INFO      sigomei.server — Solicitud remota recibida: consultar_orden | Parámetros: ('ORD-005',)
2026-05-26 09:13:59  INFO      sigomei.server — Operación exitosa: consultar_orden | Respuesta: {'id_orden': 'ORD-005', 'id_equipo': 'EQ-001', 'id_tecnico': None, 'tipo_mantenimiento': 'Preventivo', 'fecha_programada': datetime.date(2026, 6, 15), 'fecha_inicio': None, 'fecha_cierre': None, 'descripcion_trabajo': 'Revision preventiva', 'costo_estimado': Decimal('1000.00'), 'costo_real': None, 'estado_orden': 'Cancelada'}
2026-05-26 09:13:59  INFO      sigomei.server — Solicitud remota recibida: alta_equipo | Parámetros: 
2026-05-26 09:14:00  INFO      sigomei.server — Operación exitosa: alta_equipo | Respuesta: True
2026-05-26 09:14:00  INFO      sigomei.server — Solicitud remota recibida: alta_tecnico | Parámetros: 
2026-05-26 09:14:00  INFO      sigomei.server — Operación exitosa: alta_tecnico | Respuesta: True
2026-05-26 09:14:00  INFO      sigomei.server — Solicitud remota recibida: crear_orden | Parámetros: 
2026-05-26 09:14:00  INFO      sigomei.server — Operación exitosa: crear_orden | Respuesta: True
2026-05-26 09:14:00  INFO      sigomei.server — Solicitud remota recibida: asignar_tecnico | Parámetros: ('ORD-ACT', 'TEC-003')
2026-05-26 09:14:00  INFO      sigomei.server — Operación exitosa: asignar_tecnico | Respuesta: True
2026-05-26 09:14:00  INFO      sigomei.server — Solicitud remota recibida: iniciar_ejecucion | Parámetros: ('ORD-ACT', '2026-06-10')
2026-05-26 09:14:01  INFO      sigomei.server — Operación exitosa: iniciar_ejecucion | Respuesta: True
2026-05-26 09:14:01  INFO      sigomei.server — Solicitud remota recibida: alta_equipo | Parámetros: 
2026-05-26 09:14:01  INFO      sigomei.server — Operación exitosa: alta_equipo | Respuesta: True
2026-05-26 09:14:01  INFO      sigomei.server — Solicitud remota recibida: crear_orden | Parámetros: 
2026-05-26 09:14:01  INFO      sigomei.server — Operación exitosa: crear_orden | Respuesta: True
2026-05-26 09:14:01  INFO      sigomei.server — Solicitud remota recibida: asignar_tecnico | Parámetros: ('ORD-NEW', 'TEC-003')
2026-05-26 09:14:01  WARNING   sigomei.server — Validación de Regla denegada en asignar_tecnico: ReglaNegocioError — No es posible asignar un técnico con una orden En ejecucion
2026-05-26 09:14:02  INFO      sigomei.server — Solicitud remota recibida: alta_equipo | Parámetros: 
2026-05-26 09:14:02  INFO      sigomei.server — Operación exitosa: alta_equipo | Respuesta: True
2026-05-26 09:14:02  INFO      sigomei.server — Solicitud remota recibida: alta_equipo | Parámetros: 
2026-05-26 09:14:02  INFO      sigomei.server — Operación exitosa: alta_equipo | Respuesta: True
2026-05-26 09:14:02  INFO      sigomei.server — Solicitud remota recibida: alta_tecnico | Parámetros: 
2026-05-26 09:14:02  INFO      sigomei.server — Operación exitosa: alta_tecnico | Respuesta: True
2026-05-26 09:14:02  INFO      sigomei.server — Solicitud remota recibida: alta_tecnico | Parámetros: 
2026-05-26 09:14:02  INFO      sigomei.server — Operación exitosa: alta_tecnico | Respuesta: True
2026-05-26 09:14:02  INFO      sigomei.server — Solicitud remota recibida: crear_orden | Parámetros: 
2026-05-26 09:14:03  INFO      sigomei.server — Operación exitosa: crear_orden | Respuesta: True
2026-05-26 09:14:03  INFO      sigomei.server — Solicitud remota recibida: asignar_tecnico | Parámetros: ('ORD-H01', 'TEC-002')
2026-05-26 09:14:03  INFO      sigomei.server — Operación exitosa: asignar_tecnico | Respuesta: True
2026-05-26 09:14:03  INFO      sigomei.server — Solicitud remota recibida: iniciar_ejecucion | Parámetros: ('ORD-H01', '2026-01-01')
2026-05-26 09:14:03  INFO      sigomei.server — Operación exitosa: iniciar_ejecucion | Respuesta: True
2026-05-26 09:14:03  INFO      sigomei.server — Solicitud remota recibida: finalizar_orden | Parámetros: ('ORD-H01', '2026-01-02', 550.0)
2026-05-26 09:14:04  INFO      sigomei.server — Operación exitosa: finalizar_orden | Respuesta: True
2026-05-26 09:14:04  INFO      sigomei.server — Solicitud remota recibida: crear_orden | Parámetros: 
2026-05-26 09:14:04  INFO      sigomei.server — Operación exitosa: crear_orden | Respuesta: True
2026-05-26 09:14:04  INFO      sigomei.server — Solicitud remota recibida: asignar_tecnico | Parámetros: ('ORD-H02', 'TEC-002')
2026-05-26 09:14:04  INFO      sigomei.server — Operación exitosa: asignar_tecnico | Respuesta: True
2026-05-26 09:14:04  INFO      sigomei.server — Solicitud remota recibida: iniciar_ejecucion | Parámetros: ('ORD-H02', '2026-01-02')
2026-05-26 09:14:04  INFO      sigomei.server — Operación exitosa: iniciar_ejecucion | Respuesta: True
2026-05-26 09:14:04  INFO      sigomei.server — Solicitud remota recibida: finalizar_orden | Parámetros: ('ORD-H02', '2026-01-03', 550.0)
2026-05-26 09:14:04  INFO      sigomei.server — Operación exitosa: finalizar_orden | Respuesta: True
2026-05-26 09:14:04  INFO      sigomei.server — Solicitud remota recibida: crear_orden | Parámetros: 
2026-05-26 09:14:05  INFO      sigomei.server — Operación exitosa: crear_orden | Respuesta: True
2026-05-26 09:14:05  INFO      sigomei.server — Solicitud remota recibida: asignar_tecnico | Parámetros: ('ORD-H03', 'TEC-003')
2026-05-26 09:14:05  INFO      sigomei.server — Operación exitosa: asignar_tecnico | Respuesta: True
2026-05-26 09:14:05  INFO      sigomei.server — Solicitud remota recibida: iniciar_ejecucion | Parámetros: ('ORD-H03', '2026-01-03')
2026-05-26 09:14:05  INFO      sigomei.server — Operación exitosa: iniciar_ejecucion | Respuesta: True
2026-05-26 09:14:05  INFO      sigomei.server — Solicitud remota recibida: finalizar_orden | Parámetros: ('ORD-H03', '2026-01-04', 550.0)
2026-05-26 09:14:05  INFO      sigomei.server — Operación exitosa: finalizar_orden | Respuesta: True
2026-05-26 09:14:05  INFO      sigomei.server — Solicitud remota recibida: listar_ordenes_por_filtro | Parámetros: ({'estado_orden': 'Finalizada', 'id_equipo': 'EQ-001'},)
2026-05-26 09:14:05  INFO      sigomei.server — Operación exitosa: listar_ordenes_por_filtro | Respuesta: [{'id_orden': 'ORD-H01', 'id_equipo': 'EQ-001', 'id_tecnico': 'TEC-002', 'tipo_mantenimiento': 'Preventivo', 'fecha_programada': datetime.date(2026, 1, 1), 'fecha_inicio': datetime.date(2026, 1, 1), 'fecha_cierre': datetime.date(2026, 1, 2), 'descripcion_trabajo': 'Historico', 'costo_estimado': Decimal('500.00'), 'costo_real': Decimal('550.00'), 'estado_orden': 'Finalizada'}, {'id_orden': 'ORD-H02', 'id_equipo': 'EQ-001', 'id_tecnico': 'TEC-002', 'tipo_mantenimiento': 'Preventivo', 'fecha_programada': datetime.date(2026, 1, 2), 'fecha_inicio': datetime.date(2026, 1, 2), 'fecha_cierre': datetime.date(2026, 1, 3), 'descripcion_trabajo': 'Historico', 'costo_estimado': Decimal('500.00'), 'costo_real': Decimal('550.00'), 'estado_orden': 'Finalizada'}]
2026-05-26 09:14:05  INFO      sigomei.server — Solicitud remota recibida: alta_equipo | Parámetros: 
2026-05-26 09:14:06  INFO      sigomei.server — Operación exitosa: alta_equipo | Respuesta: True
2026-05-26 09:14:06  INFO      sigomei.server — Solicitud remota recibida: crear_orden | Parámetros: 
2026-05-26 09:14:06  WARNING   sigomei.server — Validación de Regla denegada en crear_orden: ReglaNegocioError — 
2026-05-26 09:14:06  INFO      sigomei.server — Solicitud remota recibida: alta_equipo | Parámetros: 
2026-05-26 09:14:06  INFO      sigomei.server — Operación exitosa: alta_equipo | Respuesta: True
2026-05-26 09:14:06  INFO      sigomei.server — Solicitud remota recibida: alta_tecnico | Parámetros: 
2026-05-26 09:14:06  INFO      sigomei.server — Operación exitosa: alta_tecnico | Respuesta: True
2026-05-26 09:14:06  INFO      sigomei.server — Solicitud remota recibida: crear_orden | Parámetros: 
2026-05-26 09:14:06  INFO      sigomei.server — Operación exitosa: crear_orden | Respuesta: True
2026-05-26 09:14:06  INFO      sigomei.server — Solicitud remota recibida: asignar_tecnico | Parámetros: ('ORD-006', 'TEC-002')
2026-05-26 09:14:07  INFO      sigomei.server — Operación exitosa: asignar_tecnico | Respuesta: True
2026-05-26 09:14:07  INFO      sigomei.server — Solicitud remota recibida: iniciar_ejecucion | Parámetros: ('ORD-006', '2026-05-10')
2026-05-26 09:14:07  INFO      sigomei.server — Operación exitosa: iniciar_ejecucion | Respuesta: True
2026-05-26 09:14:07  INFO      sigomei.server — Solicitud remota recibida: finalizar_orden | Parámetros: ('ORD-006', '2026-05-09', 800.0)
2026-05-26 09:14:07  WARNING   sigomei.server — Validación de Regla denegada en finalizar_orden: ReglaNegocioError — RN-05: La fecha de cierre (2026-05-09) no puede ser anterior a la fecha de inicio (2026-05-10).
2026-05-26 09:14:07  INFO      sigomei.server — Solicitud remota recibida: alta_equipo | Parámetros: 
2026-05-26 09:14:08  INFO      sigomei.server — Operación exitosa: alta_equipo | Respuesta: True
2026-05-26 09:14:08  INFO      sigomei.server — Solicitud remota recibida: alta_tecnico | Parámetros: 
2026-05-26 09:14:08  INFO      sigomei.server — Operación exitosa: alta_tecnico | Respuesta: True
2026-05-26 09:14:08  INFO      sigomei.server — Solicitud remota recibida: alta_tecnico | Parámetros: 
2026-05-26 09:14:08  INFO      sigomei.server — Operación exitosa: alta_tecnico | Respuesta: True
2026-05-26 09:14:08  INFO      sigomei.server — Solicitud remota recibida: crear_orden | Parámetros: 
2026-05-26 09:14:08  INFO      sigomei.server — Operación exitosa: crear_orden | Respuesta: True
2026-05-26 09:14:08  INFO      sigomei.server — Solicitud remota recibida: asignar_tecnico | Parámetros: ('ORD-007', 'TEC-002')
2026-05-26 09:14:09  INFO      sigomei.server — Operación exitosa: asignar_tecnico | Respuesta: True
2026-05-26 09:14:09  INFO      sigomei.server — Solicitud remota recibida: asignar_tecnico | Parámetros: ('ORD-007', 'TEC-PED')
2026-05-26 09:14:09  INFO      sigomei.server — Operación exitosa: asignar_tecnico | Respuesta: True
2026-05-26 09:14:09  INFO      sigomei.server — Solicitud remota recibida: consultar_orden | Parámetros: ('ORD-007',)
2026-05-26 09:14:09  INFO      sigomei.server — Operación exitosa: consultar_orden | Respuesta: {'id_orden': 'ORD-007', 'id_equipo': 'EQ-001', 'id_tecnico': 'TEC-PED', 'tipo_mantenimiento': 'Preventivo', 'fecha_programada': datetime.date(2026, 6, 25), 'fecha_inicio': None, 'fecha_cierre': None, 'descripcion_trabajo': 'Mantenimiento mensual', 'costo_estimado': Decimal('1300.00'), 'costo_real': None, 'estado_orden': 'Programada'}
2026-05-26 09:14:09  INFO      sigomei.server — Solicitud remota recibida: alta_equipo | Parámetros: 
2026-05-26 09:14:09  INFO      sigomei.server — Operación exitosa: alta_equipo | Respuesta: True
2026-05-26 09:14:09  INFO      sigomei.server — Solicitud remota recibida: alta_equipo | Parámetros: 
2026-05-26 09:14:09  WARNING   sigomei.server — Rechazado en alta_equipo: EntidadDuplicadaError — Ya existe un equipo con número de serie 'NS-001'
2026-05-26 09:14:09  INFO      sigomei.server — Solicitud remota recibida: alta_tecnico | Parámetros: 
2026-05-26 09:14:10  INFO      sigomei.server — Operación exitosa: alta_tecnico | Respuesta: True
2026-05-26 09:14:10  INFO      sigomei.server — Solicitud remota recibida: consultar_tecnico | Parámetros: ('TEC-001',)
2026-05-26 09:14:10  INFO      sigomei.server — Operación exitosa: consultar_tecnico | Respuesta: {'id_tecnico': 'TEC-001', 'nombre_completo': 'Luis Omar Mendoza', 'rfc': 'LOMA900101ABC', 'telefono': '9211234567', 'correo': 'luis@sigomei.mx', 'especialidad': 'Electrico', 'nivel_certificacion': 'II', 'fecha_ingreso': datetime.date(2026, 1, 1), 'estatus': 'Activo'}
2026-05-26 09:14:10  INFO      sigomei.server — Solicitud remota recibida: alta_tecnico | Parámetros: 
2026-05-26 09:14:10  INFO      sigomei.server — Operación exitosa: alta_tecnico | Respuesta: True
2026-05-26 09:14:10  INFO      sigomei.server — Solicitud remota recibida: baja_tecnico | Parámetros: ('TEC-002',)
2026-05-26 09:14:10  INFO      sigomei.server — Operación exitosa: baja_tecnico | Respuesta: True
2026-05-26 09:14:10  INFO      sigomei.server — Solicitud remota recibida: consultar_tecnico | Parámetros: ('TEC-002',)
2026-05-26 09:14:10  INFO      sigomei.server — Operación exitosa: consultar_tecnico | Respuesta: {'id_tecnico': 'TEC-002', 'nombre_completo': 'Jose Ramírez', 'rfc': 'RAJM800101XYZ', 'telefono': '9219876543', 'correo': 'jose@sigomei.mx', 'especialidad': 'Mecanico', 'nivel_certificacion': 'I', 'fecha_ingreso': datetime.date(2024, 1, 1), 'estatus': 'Inactivo'}
2026-05-26 09:14:10  INFO      sigomei.server — Solicitud remota recibida: alta_equipo | Parámetros: 
2026-05-26 09:14:11  INFO      sigomei.server — Operación exitosa: alta_equipo | Respuesta: True
2026-05-26 09:14:11  INFO      sigomei.server — Solicitud remota recibida: alta_tecnico | Parámetros: 
2026-05-26 09:14:11  INFO      sigomei.server — Operación exitosa: alta_tecnico | Respuesta: True
2026-05-26 09:14:11  INFO      sigomei.server — Solicitud remota recibida: crear_orden | Parámetros: 
2026-05-26 09:14:11  INFO      sigomei.server — Operación exitosa: crear_orden | Respuesta: True
2026-05-26 09:14:11  INFO      sigomei.server — Solicitud remota recibida: asignar_tecnico | Parámetros: ('ORD-H01', 'TEC-003')
2026-05-26 09:14:11  INFO      sigomei.server — Operación exitosa: asignar_tecnico | Respuesta: True
2026-05-26 09:14:11  INFO      sigomei.server — Solicitud remota recibida: iniciar_ejecucion | Parámetros: ('ORD-H01', '2026-01-10')
2026-05-26 09:14:11  INFO      sigomei.server — Operación exitosa: iniciar_ejecucion | Respuesta: True
2026-05-26 09:14:11  INFO      sigomei.server — Solicitud remota recibida: finalizar_orden | Parámetros: ('ORD-H01', '2026-01-11', 550.0)
2026-05-26 09:14:12  INFO      sigomei.server — Operación exitosa: finalizar_orden | Respuesta: True
2026-05-26 09:14:12  INFO      sigomei.server — Solicitud remota recibida: baja_tecnico | Parámetros: ('TEC-003',)
2026-05-26 09:14:12  INFO      sigomei.server — Operación exitosa: baja_tecnico | Respuesta: True
2026-05-26 09:14:12  INFO      sigomei.server — Solicitud remota recibida: consultar_tecnico | Parámetros: ('TEC-003',)
2026-05-26 09:14:12  INFO      sigomei.server — Operación exitosa: consultar_tecnico | Respuesta: {'id_tecnico': 'TEC-003', 'nombre_completo': 'Carlos López', 'rfc': 'LOCC850101CCC', 'telefono': '9210002222', 'correo': 'carlos@sigomei.mx', 'especialidad': 'Mecanico', 'nivel_certificacion': 'II', 'fecha_ingreso': datetime.date(2023, 1, 1), 'estatus': 'Inactivo'}
2026-05-26 09:14:12  INFO      sigomei.server — Solicitud remota recibida: alta_equipo | Parámetros: 
2026-05-26 09:14:12  INFO      sigomei.server — Operación exitosa: alta_equipo | Respuesta: True
2026-05-26 09:14:12  INFO      sigomei.server — Solicitud remota recibida: alta_tecnico | Parámetros: 
2026-05-26 09:14:12  INFO      sigomei.server — Operación exitosa: alta_tecnico | Respuesta: True
2026-05-26 09:14:12  INFO      sigomei.server — Solicitud remota recibida: baja_tecnico | Parámetros: ('TEC-004',)
2026-05-26 09:14:13  INFO      sigomei.server — Operación exitosa: baja_tecnico | Respuesta: True
2026-05-26 09:14:13  INFO      sigomei.server — Solicitud remota recibida: crear_orden | Parámetros: 
2026-05-26 09:14:13  INFO      sigomei.server — Operación exitosa: crear_orden | Respuesta: True
2026-05-26 09:14:13  INFO      sigomei.server — Solicitud remota recibida: asignar_tecnico | Parámetros: ('ORD-002', 'TEC-004')
2026-05-26 09:14:13  WARNING   sigomei.server — Validación de Regla denegada en asignar_tecnico: ReglaNegocioError — RN-03: El técnico 'TEC-004' está Inactivo y no puede ser asignado a una orden.
2026-05-26 09:17:26  INFO      sigomei.server — Solicitud remota recibida: login | Parámetros: ('supervisor@sigomei.mx', 'Test1234')
2026-05-26 09:17:26  INFO      sigomei.server — Operación exitosa: login | Respuesta: 1a7d93a5-2c73-4b44-bab7-89b128388a0a
2026-05-26 09:17:26  INFO      sigomei.server — Solicitud remota recibida: alta_equipo | Parámetros: 
2026-05-26 09:17:26  INFO      sigomei.server — Operación exitosa: alta_equipo | Respuesta: True
2026-05-26 09:17:26  INFO      sigomei.server — Solicitud remota recibida: alta_tecnico | Parámetros: 
2026-05-26 09:17:26  INFO      sigomei.server — Operación exitosa: alta_tecnico | Respuesta: True
2026-05-26 09:17:26  INFO      sigomei.server — Solicitud remota recibida: crear_orden | Parámetros: 
2026-05-26 09:17:26  INFO      sigomei.server — Operación exitosa: crear_orden | Respuesta: True
2026-05-26 09:17:26  INFO      sigomei.server — Solicitud remota recibida: asignar_tecnico | Parámetros: ('ORD-001', 'TEC-002')
2026-05-26 09:17:27  INFO      sigomei.server — Operación exitosa: asignar_tecnico | Respuesta: True
2026-05-26 09:17:27  INFO      sigomei.server — Solicitud remota recibida: crear_orden | Parámetros: 
2026-05-26 09:17:27  INFO      sigomei.server — Operación exitosa: crear_orden | Respuesta: True
2026-05-26 09:17:27  INFO      sigomei.server — Solicitud remota recibida: asignar_tecnico | Parámetros: ('ORD-002', 'TEC-002')
2026-05-26 09:17:27  INFO      sigomei.server — Operación exitosa: asignar_tecnico | Respuesta: True
2026-05-26 09:17:27  INFO      sigomei.server — Solicitud remota recibida: crear_orden | Parámetros: 
2026-05-26 09:17:27  INFO      sigomei.server — Operación exitosa: crear_orden | Respuesta: True
2026-05-26 09:17:27  INFO      sigomei.server — Solicitud remota recibida: asignar_tecnico | Parámetros: ('ORD-003', 'TEC-002')
2026-05-26 09:17:28  INFO      sigomei.server — Operación exitosa: asignar_tecnico | Respuesta: True
2026-05-26 09:17:28  INFO      sigomei.server — Solicitud remota recibida: crear_orden | Parámetros: 
2026-05-26 09:17:28  INFO      sigomei.server — Operación exitosa: crear_orden | Respuesta: True
2026-05-26 09:17:28  INFO      sigomei.server — Solicitud remota recibida: asignar_tecnico | Parámetros: ('ORD-004', 'TEC-002')
2026-05-26 09:17:28  INFO      sigomei.server — Operación exitosa: asignar_tecnico | Respuesta: True
2026-05-26 09:17:28  INFO      sigomei.server — Solicitud remota recibida: iniciar_ejecucion | Parámetros: ('ORD-001', '2026-06-11')
2026-05-26 09:17:28  INFO      sigomei.server — Operación exitosa: iniciar_ejecucion | Respuesta: True
2026-05-26 09:17:28  INFO      sigomei.server — Solicitud remota recibida: iniciar_ejecucion | Parámetros: ('ORD-002', '2026-06-12')
2026-05-26 09:17:29  INFO      sigomei.server — Operación exitosa: iniciar_ejecucion | Respuesta: True
2026-05-26 09:17:29  INFO      sigomei.server — Solicitud remota recibida: listar_ordenes_por_filtro | Parámetros: ({'estado_orden': 'Programada'},)
2026-05-26 09:17:29  INFO      sigomei.server — Operación exitosa: listar_ordenes_por_filtro | Respuesta: [{'id_orden': 'ORD-003', 'id_equipo': 'EQ-001', 'id_tecnico': 'TEC-002', 'tipo_mantenimiento': 'Preventivo', 'fecha_programada': datetime.date(2026, 6, 13), 'fecha_inicio': None, 'fecha_cierre': None, 'descripcion_trabajo': 'Revision 3', 'costo_estimado': Decimal('1000.00'), 'costo_real': None, 'estado_orden': 'Programada'}, {'id_orden': 'ORD-004', 'id_equipo': 'EQ-001', 'id_tecnico': 'TEC-002', 'tipo_mantenimiento': 'Preventivo', 'fecha_programada': datetime.date(2026, 6, 14), 'fecha_inicio': None, 'fecha_cierre': None, 'descripcion_trabajo': 'Revision 4', 'costo_estimado': Decimal('1000.00'), 'costo_real': None, 'estado_orden': 'Programada'}]
2026-05-26 09:17:29  INFO      sigomei.server — Solicitud remota recibida: listar_ordenes_por_filtro | Parámetros: ({'estado_orden': 'En ejecucion'},)
2026-05-26 09:17:29  INFO      sigomei.server — Operación exitosa: listar_ordenes_por_filtro | Respuesta: [{'id_orden': 'ORD-001', 'id_equipo': 'EQ-001', 'id_tecnico': 'TEC-002', 'tipo_mantenimiento': 'Preventivo', 'fecha_programada': datetime.date(2026, 6, 11), 'fecha_inicio': datetime.date(2026, 6, 11), 'fecha_cierre': None, 'descripcion_trabajo': 'Revision 1', 'costo_estimado': Decimal('1000.00'), 'costo_real': None, 'estado_orden': 'En ejecucion'}, {'id_orden': 'ORD-002', 'id_equipo': 'EQ-001', 'id_tecnico': 'TEC-002', 'tipo_mantenimiento': 'Preventivo', 'fecha_programada': datetime.date(2026, 6, 12), 'fecha_inicio': datetime.date(2026, 6, 12), 'fecha_cierre': None, 'descripcion_trabajo': 'Revision 2', 'costo_estimado': Decimal('1000.00'), 'costo_real': None, 'estado_orden': 'En ejecucion'}]
2026-05-26 09:17:29  INFO      sigomei.server — Solicitud remota recibida: alta_equipo | Parámetros: 
2026-05-26 09:17:29  INFO      sigomei.server — Operación exitosa: alta_equipo | Respuesta: True
2026-05-26 09:17:29  INFO      sigomei.server — Solicitud remota recibida: alta_tecnico | Parámetros: 
2026-05-26 09:17:29  INFO      sigomei.server — Operación exitosa: alta_tecnico | Respuesta: True
2026-05-26 09:17:29  INFO      sigomei.server — Solicitud remota recibida: crear_orden | Parámetros: 
2026-05-26 09:17:29  INFO      sigomei.server — Operación exitosa: crear_orden | Respuesta: True
2026-05-26 09:17:29  INFO      sigomei.server — Solicitud remota recibida: asignar_tecnico | Parámetros: ('ORD-001', 'TEC-002')
2026-05-26 09:17:30  INFO      sigomei.server — Operación exitosa: asignar_tecnico | Respuesta: True
2026-05-26 09:17:30  INFO      sigomei.server — Solicitud remota recibida: consultar_orden | Parámetros: ('ORD-001',)
2026-05-26 09:17:30  INFO      sigomei.server — Operación exitosa: consultar_orden | Respuesta: {'id_orden': 'ORD-001', 'id_equipo': 'EQ-001', 'id_tecnico': 'TEC-002', 'tipo_mantenimiento': 'Preventivo', 'fecha_programada': datetime.date(2026, 6, 10), 'fecha_inicio': None, 'fecha_cierre': None, 'descripcion_trabajo': 'Revision de sellos', 'costo_estimado': Decimal('1500.00'), 'costo_real': None, 'estado_orden': 'Programada'}
2026-05-26 09:17:30  INFO      sigomei.server — Solicitud remota recibida: alta_equipo | Parámetros: 
2026-05-26 09:17:30  INFO      sigomei.server — Operación exitosa: alta_equipo | Respuesta: True
2026-05-26 09:17:30  INFO      sigomei.server — Solicitud remota recibida: alta_tecnico | Parámetros: 
2026-05-26 09:17:30  INFO      sigomei.server — Operación exitosa: alta_tecnico | Respuesta: True
2026-05-26 09:17:30  INFO      sigomei.server — Solicitud remota recibida: crear_orden | Parámetros: 
2026-05-26 09:17:30  INFO      sigomei.server — Operación exitosa: crear_orden | Respuesta: True
2026-05-26 09:17:30  INFO      sigomei.server — Solicitud remota recibida: asignar_tecnico | Parámetros: ('ORD-001', 'TEC-002')
2026-05-26 09:17:31  WARNING   sigomei.server — Validación de Regla denegada en asignar_tecnico: ReglaNegocioError — RN-01: La especialidad del técnico ('Mecanico') no coincide con el tipo del equipo ('Electrico').
2026-05-26 09:17:31  INFO      sigomei.server — Solicitud remota recibida: alta_equipo | Parámetros: 
2026-05-26 09:17:31  INFO      sigomei.server — Operación exitosa: alta_equipo | Respuesta: True
2026-05-26 09:17:31  INFO      sigomei.server — Solicitud remota recibida: alta_tecnico | Parámetros: 
2026-05-26 09:17:31  INFO      sigomei.server — Operación exitosa: alta_tecnico | Respuesta: True
2026-05-26 09:17:31  INFO      sigomei.server — Solicitud remota recibida: crear_orden | Parámetros: 
2026-05-26 09:17:32  INFO      sigomei.server — Operación exitosa: crear_orden | Respuesta: True
2026-05-26 09:17:32  INFO      sigomei.server — Solicitud remota recibida: asignar_tecnico | Parámetros: ('ORD-001', 'TEC-001')
2026-05-26 09:17:32  WARNING   sigomei.server — Validación de Regla denegada en asignar_tecnico: ReglaNegocioError — RN-07: El equipo 'EQ-003' es de criticidad Alta. Se requiere nivel ≥ II; el técnico tiene nivel 'I'.
2026-05-26 09:17:32  INFO      sigomei.server — Solicitud remota recibida: alta_equipo | Parámetros: 
2026-05-26 09:17:32  INFO      sigomei.server — Operación exitosa: alta_equipo | Respuesta: True
2026-05-26 09:17:32  INFO      sigomei.server — Solicitud remota recibida: crear_orden | Parámetros: 
2026-05-26 09:17:32  INFO      sigomei.server — Operación exitosa: crear_orden | Respuesta: True
2026-05-26 09:17:32  INFO      sigomei.server — Solicitud remota recibida: crear_orden | Parámetros: 
2026-05-26 09:17:32  WARNING   sigomei.server — Rechazado en crear_orden: EntidadDuplicadaError — RN-02: El equipo 'EQ-001' ya tiene una orden activa para la fecha 2026-06-10 (id=ORD-001, estado=Programada).
2026-05-26 09:17:33  INFO      sigomei.server — Solicitud remota recibida: alta_equipo | Parámetros: 
2026-05-26 09:17:33  INFO      sigomei.server — Operación exitosa: alta_equipo | Respuesta: True
2026-05-26 09:17:33  INFO      sigomei.server — Solicitud remota recibida: alta_tecnico | Parámetros: 
2026-05-26 09:17:33  INFO      sigomei.server — Operación exitosa: alta_tecnico | Respuesta: True
2026-05-26 09:17:33  INFO      sigomei.server — Solicitud remota recibida: crear_orden | Parámetros: 
2026-05-26 09:17:33  INFO      sigomei.server — Operación exitosa: crear_orden | Respuesta: True
2026-05-26 09:17:33  INFO      sigomei.server — Solicitud remota recibida: asignar_tecnico | Parámetros: ('ORD-001', 'TEC-002')
2026-05-26 09:17:34  INFO      sigomei.server — Operación exitosa: asignar_tecnico | Respuesta: True
2026-05-26 09:17:34  INFO      sigomei.server — Solicitud remota recibida: iniciar_ejecucion | Parámetros: ('ORD-001', '2026-06-10')
2026-05-26 09:17:34  INFO      sigomei.server — Operación exitosa: iniciar_ejecucion | Respuesta: True
2026-05-26 09:17:34  INFO      sigomei.server — Solicitud remota recibida: consultar_orden | Parámetros: ('ORD-001',)
2026-05-26 09:17:34  INFO      sigomei.server — Operación exitosa: consultar_orden | Respuesta: {'id_orden': 'ORD-001', 'id_equipo': 'EQ-001', 'id_tecnico': 'TEC-002', 'tipo_mantenimiento': 'Preventivo', 'fecha_programada': datetime.date(2026, 6, 10), 'fecha_inicio': datetime.date(2026, 6, 10), 'fecha_cierre': None, 'descripcion_trabajo': 'Revision de sellos', 'costo_estimado': Decimal('1500.00'), 'costo_real': None, 'estado_orden': 'En ejecucion'}
2026-05-26 09:17:34  INFO      sigomei.server — Solicitud remota recibida: alta_equipo | Parámetros: 
2026-05-26 09:17:34  INFO      sigomei.server — Operación exitosa: alta_equipo | Respuesta: True
2026-05-26 09:17:34  INFO      sigomei.server — Solicitud remota recibida: alta_tecnico | Parámetros: 
2026-05-26 09:17:35  INFO      sigomei.server — Operación exitosa: alta_tecnico | Respuesta: True
2026-05-26 09:17:35  INFO      sigomei.server — Solicitud remota recibida: crear_orden | Parámetros: 
2026-05-26 09:17:35  INFO      sigomei.server — Operación exitosa: crear_orden | Respuesta: True
2026-05-26 09:17:35  INFO      sigomei.server — Solicitud remota recibida: asignar_tecnico | Parámetros: ('ORD-002', 'TEC-002')
2026-05-26 09:17:35  INFO      sigomei.server — Operación exitosa: asignar_tecnico | Respuesta: True
2026-05-26 09:17:35  INFO      sigomei.server — Solicitud remota recibida: iniciar_ejecucion | Parámetros: ('ORD-002', '2026-06-11')
2026-05-26 09:17:35  INFO      sigomei.server — Operación exitosa: iniciar_ejecucion | Respuesta: True
2026-05-26 09:17:35  INFO      sigomei.server — Solicitud remota recibida: consultar_orden | Parámetros: ('ORD-002',)
2026-05-26 09:17:35  INFO      sigomei.server — Operación exitosa: consultar_orden | Respuesta: {'id_orden': 'ORD-002', 'id_equipo': 'EQ-001', 'id_tecnico': 'TEC-002', 'tipo_mantenimiento': 'Correctivo', 'fecha_programada': datetime.date(2026, 6, 11), 'fecha_inicio': datetime.date(2026, 6, 11), 'fecha_cierre': None, 'descripcion_trabajo': 'Cambio de rodamientos', 'costo_estimado': Decimal('900.00'), 'costo_real': None, 'estado_orden': 'En ejecucion'}
2026-05-26 09:17:35  INFO      sigomei.server — Solicitud remota recibida: alta_equipo | Parámetros: 
2026-05-26 09:17:36  INFO      sigomei.server — Operación exitosa: alta_equipo | Respuesta: True
2026-05-26 09:17:36  INFO      sigomei.server — Solicitud remota recibida: alta_tecnico | Parámetros: 
2026-05-26 09:17:36  INFO      sigomei.server — Operación exitosa: alta_tecnico | Respuesta: True
2026-05-26 09:17:36  INFO      sigomei.server — Solicitud remota recibida: crear_orden | Parámetros: 
2026-05-26 09:17:36  INFO      sigomei.server — Operación exitosa: crear_orden | Respuesta: True
2026-05-26 09:17:36  INFO      sigomei.server — Solicitud remota recibida: asignar_tecnico | Parámetros: ('ORD-003', 'TEC-002')
2026-05-26 09:17:36  INFO      sigomei.server — Operación exitosa: asignar_tecnico | Respuesta: True
2026-05-26 09:17:36  INFO      sigomei.server — Solicitud remota recibida: iniciar_ejecucion | Parámetros: ('ORD-003', '2026-06-12')
2026-05-26 09:17:37  INFO      sigomei.server — Operación exitosa: iniciar_ejecucion | Respuesta: True
2026-05-26 09:17:37  INFO      sigomei.server — Solicitud remota recibida: finalizar_orden | Parámetros: ('ORD-003', '2026-06-13', 1750.0)
2026-05-26 09:17:37  INFO      sigomei.server — Operación exitosa: finalizar_orden | Respuesta: True
2026-05-26 09:17:37  INFO      sigomei.server — Solicitud remota recibida: consultar_orden | Parámetros: ('ORD-003',)
2026-05-26 09:17:37  INFO      sigomei.server — Operación exitosa: consultar_orden | Respuesta: {'id_orden': 'ORD-003', 'id_equipo': 'EQ-001', 'id_tecnico': 'TEC-002', 'tipo_mantenimiento': 'Preventivo', 'fecha_programada': datetime.date(2026, 6, 12), 'fecha_inicio': datetime.date(2026, 6, 12), 'fecha_cierre': datetime.date(2026, 6, 13), 'descripcion_trabajo': 'Revision de valvulas', 'costo_estimado': Decimal('1500.00'), 'costo_real': Decimal('1750.00'), 'estado_orden': 'Finalizada'}
2026-05-26 09:17:37  INFO      sigomei.server — Solicitud remota recibida: alta_equipo | Parámetros: 
2026-05-26 09:17:37  INFO      sigomei.server — Operación exitosa: alta_equipo | Respuesta: True
2026-05-26 09:17:37  INFO      sigomei.server — Solicitud remota recibida: alta_tecnico | Parámetros: 
2026-05-26 09:17:37  INFO      sigomei.server — Operación exitosa: alta_tecnico | Respuesta: True
2026-05-26 09:17:37  INFO      sigomei.server — Solicitud remota recibida: crear_orden | Parámetros: 
2026-05-26 09:17:37  INFO      sigomei.server — Operación exitosa: crear_orden | Respuesta: True
2026-05-26 09:17:37  INFO      sigomei.server — Solicitud remota recibida: asignar_tecnico | Parámetros: ('ORD-004', 'TEC-002')
2026-05-26 09:17:38  INFO      sigomei.server — Operación exitosa: asignar_tecnico | Respuesta: True
2026-05-26 09:17:38  INFO      sigomei.server — Solicitud remota recibida: iniciar_ejecucion | Parámetros: ('ORD-004', '2026-06-13')
2026-05-26 09:17:38  INFO      sigomei.server — Operación exitosa: iniciar_ejecucion | Respuesta: True
2026-05-26 09:17:38  INFO      sigomei.server — Solicitud remota recibida: finalizar_orden | Parámetros: ('ORD-004', '2026-06-14', None)
2026-05-26 09:17:38  WARNING   sigomei.server — Validación de Regla denegada en finalizar_orden: ReglaNegocioError — RN-06: El costo real es obligatorio al finalizar.
2026-05-26 09:17:38  INFO      sigomei.server — Solicitud remota recibida: consultar_orden | Parámetros: ('ORD-004',)
2026-05-26 09:17:38  INFO      sigomei.server — Operación exitosa: consultar_orden | Respuesta: {'id_orden': 'ORD-004', 'id_equipo': 'EQ-001', 'id_tecnico': 'TEC-002', 'tipo_mantenimiento': 'Correctivo', 'fecha_programada': datetime.date(2026, 6, 13), 'fecha_inicio': datetime.date(2026, 6, 13), 'fecha_cierre': None, 'descripcion_trabajo': 'Reparacion de bomba', 'costo_estimado': Decimal('2000.00'), 'costo_real': None, 'estado_orden': 'En ejecucion'}
2026-05-26 09:17:38  INFO      sigomei.server — Solicitud remota recibida: alta_equipo | Parámetros: 
2026-05-26 09:17:38  INFO      sigomei.server — Operación exitosa: alta_equipo | Respuesta: True
2026-05-26 09:17:38  INFO      sigomei.server — Solicitud remota recibida: crear_orden | Parámetros: 
2026-05-26 09:17:39  INFO      sigomei.server — Operación exitosa: crear_orden | Respuesta: True
2026-05-26 09:17:39  INFO      sigomei.server — Solicitud remota recibida: cancelar_orden | Parámetros: ('ORD-005',)
2026-05-26 09:17:39  INFO      sigomei.server — Operación exitosa: cancelar_orden | Respuesta: True
2026-05-26 09:17:39  INFO      sigomei.server — Solicitud remota recibida: consultar_orden | Parámetros: ('ORD-005',)
2026-05-26 09:17:39  INFO      sigomei.server — Operación exitosa: consultar_orden | Respuesta: {'id_orden': 'ORD-005', 'id_equipo': 'EQ-001', 'id_tecnico': None, 'tipo_mantenimiento': 'Preventivo', 'fecha_programada': datetime.date(2026, 6, 15), 'fecha_inicio': None, 'fecha_cierre': None, 'descripcion_trabajo': 'Revision preventiva', 'costo_estimado': Decimal('1000.00'), 'costo_real': None, 'estado_orden': 'Cancelada'}
2026-05-26 09:17:39  INFO      sigomei.server — Solicitud remota recibida: alta_equipo | Parámetros: 
2026-05-26 09:17:39  INFO      sigomei.server — Operación exitosa: alta_equipo | Respuesta: True
2026-05-26 09:17:39  INFO      sigomei.server — Solicitud remota recibida: alta_tecnico | Parámetros: 
2026-05-26 09:17:39  INFO      sigomei.server — Operación exitosa: alta_tecnico | Respuesta: True
2026-05-26 09:17:39  INFO      sigomei.server — Solicitud remota recibida: crear_orden | Parámetros: 
2026-05-26 09:17:40  INFO      sigomei.server — Operación exitosa: crear_orden | Respuesta: True
2026-05-26 09:17:40  INFO      sigomei.server — Solicitud remota recibida: asignar_tecnico | Parámetros: ('ORD-ACT', 'TEC-003')
2026-05-26 09:17:40  INFO      sigomei.server — Operación exitosa: asignar_tecnico | Respuesta: True
2026-05-26 09:17:40  INFO      sigomei.server — Solicitud remota recibida: iniciar_ejecucion | Parámetros: ('ORD-ACT', '2026-06-10')
2026-05-26 09:17:40  INFO      sigomei.server — Operación exitosa: iniciar_ejecucion | Respuesta: True
2026-05-26 09:17:40  INFO      sigomei.server — Solicitud remota recibida: alta_equipo | Parámetros: 
2026-05-26 09:17:40  INFO      sigomei.server — Operación exitosa: alta_equipo | Respuesta: True
2026-05-26 09:17:40  INFO      sigomei.server — Solicitud remota recibida: crear_orden | Parámetros: 
2026-05-26 09:17:40  INFO      sigomei.server — Operación exitosa: crear_orden | Respuesta: True
2026-05-26 09:17:40  INFO      sigomei.server — Solicitud remota recibida: asignar_tecnico | Parámetros: ('ORD-NEW', 'TEC-003')
2026-05-26 09:17:41  WARNING   sigomei.server — Validación de Regla denegada en asignar_tecnico: ReglaNegocioError — No es posible asignar un técnico con una orden En ejecucion
2026-05-26 09:17:41  INFO      sigomei.server — Solicitud remota recibida: alta_equipo | Parámetros: 
2026-05-26 09:17:41  INFO      sigomei.server — Operación exitosa: alta_equipo | Respuesta: True
2026-05-26 09:17:41  INFO      sigomei.server — Solicitud remota recibida: alta_equipo | Parámetros: 
2026-05-26 09:17:41  INFO      sigomei.server — Operación exitosa: alta_equipo | Respuesta: True
2026-05-26 09:17:41  INFO      sigomei.server — Solicitud remota recibida: alta_tecnico | Parámetros: 
2026-05-26 09:17:41  INFO      sigomei.server — Operación exitosa: alta_tecnico | Respuesta: True
2026-05-26 09:17:41  INFO      sigomei.server — Solicitud remota recibida: alta_tecnico | Parámetros: 
2026-05-26 09:17:42  INFO      sigomei.server — Operación exitosa: alta_tecnico | Respuesta: True
2026-05-26 09:17:42  INFO      sigomei.server — Solicitud remota recibida: crear_orden | Parámetros: 
2026-05-26 09:17:42  INFO      sigomei.server — Operación exitosa: crear_orden | Respuesta: True
2026-05-26 09:17:42  INFO      sigomei.server — Solicitud remota recibida: asignar_tecnico | Parámetros: ('ORD-H01', 'TEC-002')
2026-05-26 09:17:42  INFO      sigomei.server — Operación exitosa: asignar_tecnico | Respuesta: True
2026-05-26 09:17:42  INFO      sigomei.server — Solicitud remota recibida: iniciar_ejecucion | Parámetros: ('ORD-H01', '2026-01-01')
2026-05-26 09:17:42  INFO      sigomei.server — Operación exitosa: iniciar_ejecucion | Respuesta: True
2026-05-26 09:17:42  INFO      sigomei.server — Solicitud remota recibida: finalizar_orden | Parámetros: ('ORD-H01', '2026-01-02', 550.0)
2026-05-26 09:17:43  INFO      sigomei.server — Operación exitosa: finalizar_orden | Respuesta: True
2026-05-26 09:17:43  INFO      sigomei.server — Solicitud remota recibida: crear_orden | Parámetros: 
2026-05-26 09:17:43  INFO      sigomei.server — Operación exitosa: crear_orden | Respuesta: True
2026-05-26 09:17:43  INFO      sigomei.server — Solicitud remota recibida: asignar_tecnico | Parámetros: ('ORD-H02', 'TEC-002')
2026-05-26 09:17:43  INFO      sigomei.server — Operación exitosa: asignar_tecnico | Respuesta: True
2026-05-26 09:17:43  INFO      sigomei.server — Solicitud remota recibida: iniciar_ejecucion | Parámetros: ('ORD-H02', '2026-01-02')
2026-05-26 09:17:43  INFO      sigomei.server — Operación exitosa: iniciar_ejecucion | Respuesta: True
2026-05-26 09:17:43  INFO      sigomei.server — Solicitud remota recibida: finalizar_orden | Parámetros: ('ORD-H02', '2026-01-03', 550.0)
2026-05-26 09:17:43  INFO      sigomei.server — Operación exitosa: finalizar_orden | Respuesta: True
2026-05-26 09:17:43  INFO      sigomei.server — Solicitud remota recibida: crear_orden | Parámetros: 
2026-05-26 09:17:44  INFO      sigomei.server — Operación exitosa: crear_orden | Respuesta: True
2026-05-26 09:17:44  INFO      sigomei.server — Solicitud remota recibida: asignar_tecnico | Parámetros: ('ORD-H03', 'TEC-003')
2026-05-26 09:17:44  INFO      sigomei.server — Operación exitosa: asignar_tecnico | Respuesta: True
2026-05-26 09:17:44  INFO      sigomei.server — Solicitud remota recibida: iniciar_ejecucion | Parámetros: ('ORD-H03', '2026-01-03')
2026-05-26 09:17:44  INFO      sigomei.server — Operación exitosa: iniciar_ejecucion | Respuesta: True
2026-05-26 09:17:44  INFO      sigomei.server — Solicitud remota recibida: finalizar_orden | Parámetros: ('ORD-H03', '2026-01-04', 550.0)
2026-05-26 09:17:44  INFO      sigomei.server — Operación exitosa: finalizar_orden | Respuesta: True
2026-05-26 09:17:44  INFO      sigomei.server — Solicitud remota recibida: listar_ordenes_por_filtro | Parámetros: ({'estado_orden': 'Finalizada', 'id_equipo': 'EQ-001'},)
2026-05-26 09:17:44  INFO      sigomei.server — Operación exitosa: listar_ordenes_por_filtro | Respuesta: [{'id_orden': 'ORD-H01', 'id_equipo': 'EQ-001', 'id_tecnico': 'TEC-002', 'tipo_mantenimiento': 'Preventivo', 'fecha_programada': datetime.date(2026, 1, 1), 'fecha_inicio': datetime.date(2026, 1, 1), 'fecha_cierre': datetime.date(2026, 1, 2), 'descripcion_trabajo': 'Historico', 'costo_estimado': Decimal('500.00'), 'costo_real': Decimal('550.00'), 'estado_orden': 'Finalizada'}, {'id_orden': 'ORD-H02', 'id_equipo': 'EQ-001', 'id_tecnico': 'TEC-002', 'tipo_mantenimiento': 'Preventivo', 'fecha_programada': datetime.date(2026, 1, 2), 'fecha_inicio': datetime.date(2026, 1, 2), 'fecha_cierre': datetime.date(2026, 1, 3), 'descripcion_trabajo': 'Historico', 'costo_estimado': Decimal('500.00'), 'costo_real': Decimal('550.00'), 'estado_orden': 'Finalizada'}]
2026-05-26 09:17:44  INFO      sigomei.server — Solicitud remota recibida: alta_equipo | Parámetros: 
2026-05-26 09:17:45  INFO      sigomei.server — Operación exitosa: alta_equipo | Respuesta: True
2026-05-26 09:17:45  INFO      sigomei.server — Solicitud remota recibida: crear_orden | Parámetros: 
2026-05-26 09:17:45  WARNING   sigomei.server — Validación de Regla denegada en crear_orden: ReglaNegocioError — 
2026-05-26 09:17:45  INFO      sigomei.server — Solicitud remota recibida: alta_equipo | Parámetros: 
2026-05-26 09:17:45  INFO      sigomei.server — Operación exitosa: alta_equipo | Respuesta: True
2026-05-26 09:17:45  INFO      sigomei.server — Solicitud remota recibida: alta_tecnico | Parámetros: 
2026-05-26 09:17:45  INFO      sigomei.server — Operación exitosa: alta_tecnico | Respuesta: True
2026-05-26 09:17:45  INFO      sigomei.server — Solicitud remota recibida: crear_orden | Parámetros: 
2026-05-26 09:17:45  INFO      sigomei.server — Operación exitosa: crear_orden | Respuesta: True
2026-05-26 09:17:45  INFO      sigomei.server — Solicitud remota recibida: asignar_tecnico | Parámetros: ('ORD-006', 'TEC-002')
2026-05-26 09:17:46  INFO      sigomei.server — Operación exitosa: asignar_tecnico | Respuesta: True
2026-05-26 09:17:46  INFO      sigomei.server — Solicitud remota recibida: iniciar_ejecucion | Parámetros: ('ORD-006', '2026-05-10')
2026-05-26 09:17:46  INFO      sigomei.server — Operación exitosa: iniciar_ejecucion | Respuesta: True
2026-05-26 09:17:46  INFO      sigomei.server — Solicitud remota recibida: finalizar_orden | Parámetros: ('ORD-006', '2026-05-09', 800.0)
2026-05-26 09:17:46  WARNING   sigomei.server — Validación de Regla denegada en finalizar_orden: ReglaNegocioError — RN-05: La fecha de cierre (2026-05-09) no puede ser anterior a la fecha de inicio (2026-05-10).
2026-05-26 09:17:46  INFO      sigomei.server — Solicitud remota recibida: alta_equipo | Parámetros: 
2026-05-26 09:17:46  INFO      sigomei.server — Operación exitosa: alta_equipo | Respuesta: True
2026-05-26 09:17:46  INFO      sigomei.server — Solicitud remota recibida: alta_tecnico | Parámetros: 
2026-05-26 09:17:46  INFO      sigomei.server — Operación exitosa: alta_tecnico | Respuesta: True
2026-05-26 09:17:46  INFO      sigomei.server — Solicitud remota recibida: alta_tecnico | Parámetros: 
2026-05-26 09:17:47  INFO      sigomei.server — Operación exitosa: alta_tecnico | Respuesta: True
2026-05-26 09:17:47  INFO      sigomei.server — Solicitud remota recibida: crear_orden | Parámetros: 
2026-05-26 09:17:47  INFO      sigomei.server — Operación exitosa: crear_orden | Respuesta: True
2026-05-26 09:17:47  INFO      sigomei.server — Solicitud remota recibida: asignar_tecnico | Parámetros: ('ORD-007', 'TEC-002')
2026-05-26 09:17:47  INFO      sigomei.server — Operación exitosa: asignar_tecnico | Respuesta: True
2026-05-26 09:17:47  INFO      sigomei.server — Solicitud remota recibida: asignar_tecnico | Parámetros: ('ORD-007', 'TEC-PED')
2026-05-26 09:17:47  INFO      sigomei.server — Operación exitosa: asignar_tecnico | Respuesta: True
2026-05-26 09:17:47  INFO      sigomei.server — Solicitud remota recibida: consultar_orden | Parámetros: ('ORD-007',)
2026-05-26 09:17:47  INFO      sigomei.server — Operación exitosa: consultar_orden | Respuesta: {'id_orden': 'ORD-007', 'id_equipo': 'EQ-001', 'id_tecnico': 'TEC-PED', 'tipo_mantenimiento': 'Preventivo', 'fecha_programada': datetime.date(2026, 6, 25), 'fecha_inicio': None, 'fecha_cierre': None, 'descripcion_trabajo': 'Mantenimiento mensual', 'costo_estimado': Decimal('1300.00'), 'costo_real': None, 'estado_orden': 'Programada'}
2026-05-26 09:17:48  INFO      sigomei.server — Solicitud remota recibida: alta_equipo | Parámetros: 
2026-05-26 09:17:48  INFO      sigomei.server — Operación exitosa: alta_equipo | Respuesta: True
2026-05-26 09:17:48  INFO      sigomei.server — Solicitud remota recibida: alta_equipo | Parámetros: 
2026-05-26 09:17:48  WARNING   sigomei.server — Rechazado en alta_equipo: EntidadDuplicadaError — Ya existe un equipo con número de serie 'NS-001'
2026-05-26 09:17:48  INFO      sigomei.server — Solicitud remota recibida: alta_tecnico | Parámetros: 
2026-05-26 09:17:48  INFO      sigomei.server — Operación exitosa: alta_tecnico | Respuesta: True
2026-05-26 09:17:48  INFO      sigomei.server — Solicitud remota recibida: consultar_tecnico | Parámetros: ('TEC-001',)
2026-05-26 09:17:48  INFO      sigomei.server — Operación exitosa: consultar_tecnico | Respuesta: {'id_tecnico': 'TEC-001', 'nombre_completo': 'Luis Omar Mendoza', 'rfc': 'LOMA900101ABC', 'telefono': '9211234567', 'correo': 'luis@sigomei.mx', 'especialidad': 'Electrico', 'nivel_certificacion': 'II', 'fecha_ingreso': datetime.date(2026, 1, 1), 'estatus': 'Activo'}
2026-05-26 09:17:49  INFO      sigomei.server — Solicitud remota recibida: alta_tecnico | Parámetros: 
2026-05-26 09:17:49  INFO      sigomei.server — Operación exitosa: alta_tecnico | Respuesta: True
2026-05-26 09:17:49  INFO      sigomei.server — Solicitud remota recibida: baja_tecnico | Parámetros: ('TEC-002',)
2026-05-26 09:17:49  INFO      sigomei.server — Operación exitosa: baja_tecnico | Respuesta: True
2026-05-26 09:17:49  INFO      sigomei.server — Solicitud remota recibida: consultar_tecnico | Parámetros: ('TEC-002',)
2026-05-26 09:17:49  INFO      sigomei.server — Operación exitosa: consultar_tecnico | Respuesta: {'id_tecnico': 'TEC-002', 'nombre_completo': 'Jose Ramírez', 'rfc': 'RAJM800101XYZ', 'telefono': '9219876543', 'correo': 'jose@sigomei.mx', 'especialidad': 'Mecanico', 'nivel_certificacion': 'I', 'fecha_ingreso': datetime.date(2024, 1, 1), 'estatus': 'Inactivo'}
2026-05-26 09:17:49  INFO      sigomei.server — Solicitud remota recibida: alta_equipo | Parámetros: 
2026-05-26 09:17:49  INFO      sigomei.server — Operación exitosa: alta_equipo | Respuesta: True
2026-05-26 09:17:49  INFO      sigomei.server — Solicitud remota recibida: alta_tecnico | Parámetros: 
2026-05-26 09:17:50  INFO      sigomei.server — Operación exitosa: alta_tecnico | Respuesta: True
2026-05-26 09:17:50  INFO      sigomei.server — Solicitud remota recibida: crear_orden | Parámetros: 
2026-05-26 09:17:50  INFO      sigomei.server — Operación exitosa: crear_orden | Respuesta: True
2026-05-26 09:17:50  INFO      sigomei.server — Solicitud remota recibida: asignar_tecnico | Parámetros: ('ORD-H01', 'TEC-003')
2026-05-26 09:17:50  INFO      sigomei.server — Operación exitosa: asignar_tecnico | Respuesta: True
2026-05-26 09:17:50  INFO      sigomei.server — Solicitud remota recibida: iniciar_ejecucion | Parámetros: ('ORD-H01', '2026-01-10')
2026-05-26 09:17:50  INFO      sigomei.server — Operación exitosa: iniciar_ejecucion | Respuesta: True
2026-05-26 09:17:50  INFO      sigomei.server — Solicitud remota recibida: finalizar_orden | Parámetros: ('ORD-H01', '2026-01-11', 550.0)
2026-05-26 09:17:51  INFO      sigomei.server — Operación exitosa: finalizar_orden | Respuesta: True
2026-05-26 09:17:51  INFO      sigomei.server — Solicitud remota recibida: baja_tecnico | Parámetros: ('TEC-003',)
2026-05-26 09:17:51  INFO      sigomei.server — Operación exitosa: baja_tecnico | Respuesta: True
2026-05-26 09:17:51  INFO      sigomei.server — Solicitud remota recibida: consultar_tecnico | Parámetros: ('TEC-003',)
2026-05-26 09:17:51  INFO      sigomei.server — Operación exitosa: consultar_tecnico | Respuesta: {'id_tecnico': 'TEC-003', 'nombre_completo': 'Carlos López', 'rfc': 'LOCC850101CCC', 'telefono': '9210002222', 'correo': 'carlos@sigomei.mx', 'especialidad': 'Mecanico', 'nivel_certificacion': 'II', 'fecha_ingreso': datetime.date(2023, 1, 1), 'estatus': 'Inactivo'}
2026-05-26 09:17:51  INFO      sigomei.server — Solicitud remota recibida: alta_equipo | Parámetros: 
2026-05-26 09:17:51  INFO      sigomei.server — Operación exitosa: alta_equipo | Respuesta: True
2026-05-26 09:17:51  INFO      sigomei.server — Solicitud remota recibida: alta_tecnico | Parámetros: 
2026-05-26 09:17:51  INFO      sigomei.server — Operación exitosa: alta_tecnico | Respuesta: True
2026-05-26 09:17:51  INFO      sigomei.server — Solicitud remota recibida: baja_tecnico | Parámetros: ('TEC-004',)
2026-05-26 09:17:52  INFO      sigomei.server — Operación exitosa: baja_tecnico | Respuesta: True
2026-05-26 09:17:52  INFO      sigomei.server — Solicitud remota recibida: crear_orden | Parámetros: 
2026-05-26 09:17:52  INFO      sigomei.server — Operación exitosa: crear_orden | Respuesta: True
2026-05-26 09:17:52  INFO      sigomei.server — Solicitud remota recibida: asignar_tecnico | Parámetros: ('ORD-002', 'TEC-004')
2026-05-26 09:17:52  WARNING   sigomei.server — Validación de Regla denegada en asignar_tecnico: ReglaNegocioError — RN-03: El técnico 'TEC-004' está Inactivo y no puede ser asignado a una orden.
2026-05-26 09:23:45  INFO      sigomei.server — Solicitud remota recibida: login | Parámetros: ('supervisor@sigomei.mx', 'Test1234')
2026-05-26 09:23:45  INFO      sigomei.server — Operación exitosa: login | Respuesta: 2768e02b-e40e-4955-85ff-9e88ab91b4b8
2026-05-26 09:23:45  INFO      sigomei.server — Solicitud remota recibida: alta_equipo | Parámetros: 
2026-05-26 09:23:46  INFO      sigomei.server — Operación exitosa: alta_equipo | Respuesta: True
2026-05-26 09:23:46  INFO      sigomei.server — Solicitud remota recibida: alta_tecnico | Parámetros: 
2026-05-26 09:23:46  INFO      sigomei.server — Operación exitosa: alta_tecnico | Respuesta: True
2026-05-26 09:23:46  INFO      sigomei.server — Solicitud remota recibida: crear_orden | Parámetros: 
2026-05-26 09:23:46  INFO      sigomei.server — Operación exitosa: crear_orden | Respuesta: True
2026-05-26 09:23:46  INFO      sigomei.server — Solicitud remota recibida: asignar_tecnico | Parámetros: ('ORD-001', 'TEC-002')
2026-05-26 09:23:46  INFO      sigomei.server — Operación exitosa: asignar_tecnico | Respuesta: True
2026-05-26 09:23:46  INFO      sigomei.server — Solicitud remota recibida: crear_orden | Parámetros: 
2026-05-26 09:23:46  INFO      sigomei.server — Operación exitosa: crear_orden | Respuesta: True
2026-05-26 09:23:46  INFO      sigomei.server — Solicitud remota recibida: asignar_tecnico | Parámetros: ('ORD-002', 'TEC-002')
2026-05-26 09:23:47  INFO      sigomei.server — Operación exitosa: asignar_tecnico | Respuesta: True
2026-05-26 09:23:47  INFO      sigomei.server — Solicitud remota recibida: crear_orden | Parámetros: 
2026-05-26 09:23:47  INFO      sigomei.server — Operación exitosa: crear_orden | Respuesta: True
2026-05-26 09:23:47  INFO      sigomei.server — Solicitud remota recibida: asignar_tecnico | Parámetros: ('ORD-003', 'TEC-002')
2026-05-26 09:23:47  INFO      sigomei.server — Operación exitosa: asignar_tecnico | Respuesta: True
2026-05-26 09:23:47  INFO      sigomei.server — Solicitud remota recibida: crear_orden | Parámetros: 
2026-05-26 09:23:47  INFO      sigomei.server — Operación exitosa: crear_orden | Respuesta: True
2026-05-26 09:23:47  INFO      sigomei.server — Solicitud remota recibida: asignar_tecnico | Parámetros: ('ORD-004', 'TEC-002')
2026-05-26 09:23:48  INFO      sigomei.server — Operación exitosa: asignar_tecnico | Respuesta: True
2026-05-26 09:23:48  INFO      sigomei.server — Solicitud remota recibida: iniciar_ejecucion | Parámetros: ('ORD-001', '2026-06-11')
2026-05-26 09:23:48  INFO      sigomei.server — Operación exitosa: iniciar_ejecucion | Respuesta: True
2026-05-26 09:23:48  INFO      sigomei.server — Solicitud remota recibida: iniciar_ejecucion | Parámetros: ('ORD-002', '2026-06-12')
2026-05-26 09:23:48  INFO      sigomei.server — Operación exitosa: iniciar_ejecucion | Respuesta: True
2026-05-26 09:23:48  INFO      sigomei.server — Solicitud remota recibida: listar_ordenes_por_filtro | Parámetros: ({'estado_orden': 'Programada'},)
2026-05-26 09:23:48  INFO      sigomei.server — Operación exitosa: listar_ordenes_por_filtro | Respuesta: [{'id_orden': 'ORD-003', 'id_equipo': 'EQ-001', 'id_tecnico': 'TEC-002', 'tipo_mantenimiento': 'Preventivo', 'fecha_programada': datetime.date(2026, 6, 13), 'fecha_inicio': None, 'fecha_cierre': None, 'descripcion_trabajo': 'Revisión 3', 'costo_estimado': Decimal('1000.00'), 'costo_real': None, 'estado_orden': 'Programada'}, {'id_orden': 'ORD-004', 'id_equipo': 'EQ-001', 'id_tecnico': 'TEC-002', 'tipo_mantenimiento': 'Preventivo', 'fecha_programada': datetime.date(2026, 6, 14), 'fecha_inicio': None, 'fecha_cierre': None, 'descripcion_trabajo': 'Revisión 4', 'costo_estimado': Decimal('1000.00'), 'costo_real': None, 'estado_orden': 'Programada'}]
2026-05-26 09:23:48  INFO      sigomei.server — Solicitud remota recibida: listar_ordenes_por_filtro | Parámetros: ({'estado_orden': 'En ejecucion'},)
2026-05-26 09:23:48  INFO      sigomei.server — Operación exitosa: listar_ordenes_por_filtro | Respuesta: []
2026-05-26 09:23:48  INFO      sigomei.server — Solicitud remota recibida: alta_equipo | Parámetros: 
2026-05-26 09:23:48  INFO      sigomei.server — Operación exitosa: alta_equipo | Respuesta: True
2026-05-26 09:23:48  INFO      sigomei.server — Solicitud remota recibida: alta_tecnico | Parámetros: 
2026-05-26 09:23:49  INFO      sigomei.server — Operación exitosa: alta_tecnico | Respuesta: True
2026-05-26 09:23:49  INFO      sigomei.server — Solicitud remota recibida: crear_orden | Parámetros: 
2026-05-26 09:23:49  INFO      sigomei.server — Operación exitosa: crear_orden | Respuesta: True
2026-05-26 09:23:49  INFO      sigomei.server — Solicitud remota recibida: asignar_tecnico | Parámetros: ('ORD-001', 'TEC-002')
2026-05-26 09:23:49  INFO      sigomei.server — Operación exitosa: asignar_tecnico | Respuesta: True
2026-05-26 09:23:49  INFO      sigomei.server — Solicitud remota recibida: consultar_orden | Parámetros: ('ORD-001',)
2026-05-26 09:23:49  INFO      sigomei.server — Operación exitosa: consultar_orden | Respuesta: {'id_orden': 'ORD-001', 'id_equipo': 'EQ-001', 'id_tecnico': 'TEC-002', 'tipo_mantenimiento': 'Preventivo', 'fecha_programada': datetime.date(2026, 6, 10), 'fecha_inicio': None, 'fecha_cierre': None, 'descripcion_trabajo': 'Revisión de sellos', 'costo_estimado': Decimal('1500.00'), 'costo_real': None, 'estado_orden': 'Programada'}
2026-05-26 09:23:49  INFO      sigomei.server — Solicitud remota recibida: alta_equipo | Parámetros: 
2026-05-26 09:23:49  INFO      sigomei.server — Operación exitosa: alta_equipo | Respuesta: True
2026-05-26 09:23:49  INFO      sigomei.server — Solicitud remota recibida: alta_tecnico | Parámetros: 
2026-05-26 09:23:50  INFO      sigomei.server — Operación exitosa: alta_tecnico | Respuesta: True
2026-05-26 09:23:50  INFO      sigomei.server — Solicitud remota recibida: crear_orden | Parámetros: 
2026-05-26 09:23:50  INFO      sigomei.server — Operación exitosa: crear_orden | Respuesta: True
2026-05-26 09:23:50  INFO      sigomei.server — Solicitud remota recibida: asignar_tecnico | Parámetros: ('ORD-001', 'TEC-002')
2026-05-26 09:23:50  WARNING   sigomei.server — Validación de Regla denegada en asignar_tecnico: ReglaNegocioError — RN-01: La especialidad del técnico ('Mecanico') no coincide con el tipo del equipo ('Electrico').
2026-05-26 09:23:50  INFO      sigomei.server — Solicitud remota recibida: alta_equipo | Parámetros: 
2026-05-26 09:23:50  INFO      sigomei.server — Operación exitosa: alta_equipo | Respuesta: True
2026-05-26 09:23:50  INFO      sigomei.server — Solicitud remota recibida: alta_tecnico | Parámetros: 
2026-05-26 09:23:51  INFO      sigomei.server — Operación exitosa: alta_tecnico | Respuesta: True
2026-05-26 09:23:51  INFO      sigomei.server — Solicitud remota recibida: crear_orden | Parámetros: 
2026-05-26 09:23:51  INFO      sigomei.server — Operación exitosa: crear_orden | Respuesta: True
2026-05-26 09:23:51  INFO      sigomei.server — Solicitud remota recibida: asignar_tecnico | Parámetros: ('ORD-001', 'TEC-001')
2026-05-26 09:23:51  WARNING   sigomei.server — Validación de Regla denegada en asignar_tecnico: ReglaNegocioError — RN-07: El equipo 'EQ-003' es de criticidad Alta. Se requiere nivel ≥ II; el técnico tiene nivel 'I'.
2026-05-26 09:23:51  INFO      sigomei.server — Solicitud remota recibida: alta_equipo | Parámetros: 
2026-05-26 09:23:51  INFO      sigomei.server — Operación exitosa: alta_equipo | Respuesta: True
2026-05-26 09:23:51  INFO      sigomei.server — Solicitud remota recibida: crear_orden | Parámetros: 
2026-05-26 09:23:51  INFO      sigomei.server — Operación exitosa: crear_orden | Respuesta: True
2026-05-26 09:23:51  INFO      sigomei.server — Solicitud remota recibida: crear_orden | Parámetros: 
2026-05-26 09:23:52  WARNING   sigomei.server — Rechazado en crear_orden: EntidadDuplicadaError — RN-02: El equipo 'EQ-001' ya tiene una orden activa para la fecha 2026-06-10 (id=ORD-001, estado=Programada).
2026-05-26 09:23:52  INFO      sigomei.server — Solicitud remota recibida: alta_equipo | Parámetros: 
2026-05-26 09:23:52  INFO      sigomei.server — Operación exitosa: alta_equipo | Respuesta: True
2026-05-26 09:23:52  INFO      sigomei.server — Solicitud remota recibida: alta_tecnico | Parámetros: 
2026-05-26 09:23:52  INFO      sigomei.server — Operación exitosa: alta_tecnico | Respuesta: True
2026-05-26 09:23:52  INFO      sigomei.server — Solicitud remota recibida: crear_orden | Parámetros: 
2026-05-26 09:23:52  INFO      sigomei.server — Operación exitosa: crear_orden | Respuesta: True
2026-05-26 09:23:52  INFO      sigomei.server — Solicitud remota recibida: asignar_tecnico | Parámetros: ('ORD-001', 'TEC-002')
2026-05-26 09:23:53  INFO      sigomei.server — Operación exitosa: asignar_tecnico | Respuesta: True
2026-05-26 09:23:53  INFO      sigomei.server — Solicitud remota recibida: iniciar_ejecucion | Parámetros: ('ORD-001', '2026-06-10')
2026-05-26 09:23:53  INFO      sigomei.server — Operación exitosa: iniciar_ejecucion | Respuesta: True
2026-05-26 09:23:53  INFO      sigomei.server — Solicitud remota recibida: consultar_orden | Parámetros: ('ORD-001',)
2026-05-26 09:23:53  INFO      sigomei.server — Operación exitosa: consultar_orden | Respuesta: {'id_orden': 'ORD-001', 'id_equipo': 'EQ-001', 'id_tecnico': 'TEC-002', 'tipo_mantenimiento': 'Preventivo', 'fecha_programada': datetime.date(2026, 6, 10), 'fecha_inicio': datetime.date(2026, 6, 10), 'fecha_cierre': None, 'descripcion_trabajo': 'Revisión de sellos', 'costo_estimado': Decimal('1500.00'), 'costo_real': None, 'estado_orden': 'En ejecucion'}
2026-05-26 09:23:53  INFO      sigomei.server — Solicitud remota recibida: alta_equipo | Parámetros: 
2026-05-26 09:23:53  INFO      sigomei.server — Operación exitosa: alta_equipo | Respuesta: True
2026-05-26 09:23:53  INFO      sigomei.server — Solicitud remota recibida: alta_tecnico | Parámetros: 
2026-05-26 09:23:53  INFO      sigomei.server — Operación exitosa: alta_tecnico | Respuesta: True
2026-05-26 09:23:53  INFO      sigomei.server — Solicitud remota recibida: crear_orden | Parámetros: 
2026-05-26 09:23:53  INFO      sigomei.server — Operación exitosa: crear_orden | Respuesta: True
2026-05-26 09:23:53  INFO      sigomei.server — Solicitud remota recibida: asignar_tecnico | Parámetros: ('ORD-002', 'TEC-002')
2026-05-26 09:23:54  INFO      sigomei.server — Operación exitosa: asignar_tecnico | Respuesta: True
2026-05-26 09:23:54  INFO      sigomei.server — Solicitud remota recibida: iniciar_ejecucion | Parámetros: ('ORD-002', '2026-06-11')
2026-05-26 09:23:54  INFO      sigomei.server — Operación exitosa: iniciar_ejecucion | Respuesta: True
2026-05-26 09:23:54  INFO      sigomei.server — Solicitud remota recibida: consultar_orden | Parámetros: ('ORD-002',)
2026-05-26 09:23:54  INFO      sigomei.server — Operación exitosa: consultar_orden | Respuesta: {'id_orden': 'ORD-002', 'id_equipo': 'EQ-001', 'id_tecnico': 'TEC-002', 'tipo_mantenimiento': 'Correctivo', 'fecha_programada': datetime.date(2026, 6, 11), 'fecha_inicio': datetime.date(2026, 6, 11), 'fecha_cierre': None, 'descripcion_trabajo': 'Cambio de rodamientos', 'costo_estimado': Decimal('900.00'), 'costo_real': None, 'estado_orden': 'En ejecucion'}
2026-05-26 09:23:54  INFO      sigomei.server — Solicitud remota recibida: alta_equipo | Parámetros: 
2026-05-26 09:23:54  INFO      sigomei.server — Operación exitosa: alta_equipo | Respuesta: True
2026-05-26 09:23:54  INFO      sigomei.server — Solicitud remota recibida: alta_tecnico | Parámetros: 
2026-05-26 09:23:54  INFO      sigomei.server — Operación exitosa: alta_tecnico | Respuesta: True
2026-05-26 09:23:54  INFO      sigomei.server — Solicitud remota recibida: crear_orden | Parámetros: 
2026-05-26 09:23:54  INFO      sigomei.server — Operación exitosa: crear_orden | Respuesta: True
2026-05-26 09:23:54  INFO      sigomei.server — Solicitud remota recibida: asignar_tecnico | Parámetros: ('ORD-003', 'TEC-002')
2026-05-26 09:23:55  INFO      sigomei.server — Operación exitosa: asignar_tecnico | Respuesta: True
2026-05-26 09:23:55  INFO      sigomei.server — Solicitud remota recibida: iniciar_ejecucion | Parámetros: ('ORD-003', '2026-06-12')
2026-05-26 09:23:55  INFO      sigomei.server — Operación exitosa: iniciar_ejecucion | Respuesta: True
2026-05-26 09:23:55  INFO      sigomei.server — Solicitud remota recibida: finalizar_orden | Parámetros: ('ORD-003', '2026-06-13', 1750.0)
2026-05-26 09:23:55  INFO      sigomei.server — Operación exitosa: finalizar_orden | Respuesta: True
2026-05-26 09:23:55  INFO      sigomei.server — Solicitud remota recibida: consultar_orden | Parámetros: ('ORD-003',)
2026-05-26 09:23:55  INFO      sigomei.server — Operación exitosa: consultar_orden | Respuesta: {'id_orden': 'ORD-003', 'id_equipo': 'EQ-001', 'id_tecnico': 'TEC-002', 'tipo_mantenimiento': 'Preventivo', 'fecha_programada': datetime.date(2026, 6, 12), 'fecha_inicio': datetime.date(2026, 6, 12), 'fecha_cierre': datetime.date(2026, 6, 13), 'descripcion_trabajo': 'Revisión de válvulas', 'costo_estimado': Decimal('1500.00'), 'costo_real': Decimal('1750.00'), 'estado_orden': 'Finalizada'}
2026-05-26 09:23:55  INFO      sigomei.server — Solicitud remota recibida: alta_equipo | Parámetros: 
2026-05-26 09:23:55  INFO      sigomei.server — Operación exitosa: alta_equipo | Respuesta: True
2026-05-26 09:23:55  INFO      sigomei.server — Solicitud remota recibida: alta_tecnico | Parámetros: 
2026-05-26 09:23:56  INFO      sigomei.server — Operación exitosa: alta_tecnico | Respuesta: True
2026-05-26 09:23:56  INFO      sigomei.server — Solicitud remota recibida: crear_orden | Parámetros: 
2026-05-26 09:23:56  INFO      sigomei.server — Operación exitosa: crear_orden | Respuesta: True
2026-05-26 09:23:56  INFO      sigomei.server — Solicitud remota recibida: asignar_tecnico | Parámetros: ('ORD-004', 'TEC-002')
2026-05-26 09:23:56  INFO      sigomei.server — Operación exitosa: asignar_tecnico | Respuesta: True
2026-05-26 09:23:56  INFO      sigomei.server — Solicitud remota recibida: iniciar_ejecucion | Parámetros: ('ORD-004', '2026-06-13')
2026-05-26 09:23:56  INFO      sigomei.server — Operación exitosa: iniciar_ejecucion | Respuesta: True
2026-05-26 09:23:56  INFO      sigomei.server — Solicitud remota recibida: finalizar_orden | Parámetros: ('ORD-004', '2026-06-14', None)
2026-05-26 09:23:56  WARNING   sigomei.server — Validación de Regla denegada en finalizar_orden: ReglaNegocioError — RN-06: El costo real es obligatorio al finalizar.
2026-05-26 09:23:56  INFO      sigomei.server — Solicitud remota recibida: alta_equipo | Parámetros: 
2026-05-26 09:23:56  INFO      sigomei.server — Operación exitosa: alta_equipo | Respuesta: True
2026-05-26 09:23:56  INFO      sigomei.server — Solicitud remota recibida: crear_orden | Parámetros: 
2026-05-26 09:23:57  INFO      sigomei.server — Operación exitosa: crear_orden | Respuesta: True
2026-05-26 09:23:57  INFO      sigomei.server — Solicitud remota recibida: cancelar_orden | Parámetros: ('ORD-005',)
2026-05-26 09:23:57  INFO      sigomei.server — Operación exitosa: cancelar_orden | Respuesta: True
2026-05-26 09:23:57  INFO      sigomei.server — Solicitud remota recibida: consultar_orden | Parámetros: ('ORD-005',)
2026-05-26 09:23:57  INFO      sigomei.server — Operación exitosa: consultar_orden | Respuesta: {'id_orden': 'ORD-005', 'id_equipo': 'EQ-001', 'id_tecnico': None, 'tipo_mantenimiento': 'Preventivo', 'fecha_programada': datetime.date(2026, 6, 15), 'fecha_inicio': None, 'fecha_cierre': None, 'descripcion_trabajo': 'Revisión preventiva', 'costo_estimado': Decimal('1000.00'), 'costo_real': None, 'estado_orden': 'Cancelada'}
2026-05-26 09:23:57  INFO      sigomei.server — Solicitud remota recibida: alta_equipo | Parámetros: 
2026-05-26 09:23:57  INFO      sigomei.server — Operación exitosa: alta_equipo | Respuesta: True
2026-05-26 09:23:57  INFO      sigomei.server — Solicitud remota recibida: alta_tecnico | Parámetros: 
2026-05-26 09:23:57  INFO      sigomei.server — Operación exitosa: alta_tecnico | Respuesta: True
2026-05-26 09:23:57  INFO      sigomei.server — Solicitud remota recibida: crear_orden | Parámetros: 
2026-05-26 09:23:57  INFO      sigomei.server — Operación exitosa: crear_orden | Respuesta: True
2026-05-26 09:23:57  INFO      sigomei.server — Solicitud remota recibida: asignar_tecnico | Parámetros: ('ORD-ACT', 'TEC-003')
2026-05-26 09:23:58  INFO      sigomei.server — Operación exitosa: asignar_tecnico | Respuesta: True
2026-05-26 09:23:58  INFO      sigomei.server — Solicitud remota recibida: iniciar_ejecucion | Parámetros: ('ORD-ACT', '2026-06-10')
2026-05-26 09:23:58  INFO      sigomei.server — Operación exitosa: iniciar_ejecucion | Respuesta: True
2026-05-26 09:23:58  INFO      sigomei.server — Solicitud remota recibida: alta_equipo | Parámetros: 
2026-05-26 09:23:58  INFO      sigomei.server — Operación exitosa: alta_equipo | Respuesta: True
2026-05-26 09:23:58  INFO      sigomei.server — Solicitud remota recibida: crear_orden | Parámetros: 
2026-05-26 09:23:58  INFO      sigomei.server — Operación exitosa: crear_orden | Respuesta: True
2026-05-26 09:23:58  INFO      sigomei.server — Solicitud remota recibida: asignar_tecnico | Parámetros: ('ORD-NEW', 'TEC-003')
2026-05-26 09:23:59  WARNING   sigomei.server — Validación de Regla denegada en asignar_tecnico: ReglaNegocioError — No es posible asignar un técnico con una orden En ejecucion
2026-05-26 09:23:59  INFO      sigomei.server — Solicitud remota recibida: alta_equipo | Parámetros: 
2026-05-26 09:23:59  INFO      sigomei.server — Operación exitosa: alta_equipo | Respuesta: True
2026-05-26 09:23:59  INFO      sigomei.server — Solicitud remota recibida: alta_equipo | Parámetros: 
2026-05-26 09:23:59  INFO      sigomei.server — Operación exitosa: alta_equipo | Respuesta: True
2026-05-26 09:23:59  INFO      sigomei.server — Solicitud remota recibida: alta_tecnico | Parámetros: 
2026-05-26 09:23:59  INFO      sigomei.server — Operación exitosa: alta_tecnico | Respuesta: True
2026-05-26 09:23:59  INFO      sigomei.server — Solicitud remota recibida: alta_tecnico | Parámetros: 
2026-05-26 09:23:59  INFO      sigomei.server — Operación exitosa: alta_tecnico | Respuesta: True
2026-05-26 09:23:59  INFO      sigomei.server — Solicitud remota recibida: crear_orden | Parámetros: 
2026-05-26 09:24:00  INFO      sigomei.server — Operación exitosa: crear_orden | Respuesta: True
2026-05-26 09:24:00  INFO      sigomei.server — Solicitud remota recibida: asignar_tecnico | Parámetros: ('ORD-H01', 'TEC-002')
2026-05-26 09:24:00  INFO      sigomei.server — Operación exitosa: asignar_tecnico | Respuesta: True
2026-05-26 09:24:00  INFO      sigomei.server — Solicitud remota recibida: iniciar_ejecucion | Parámetros: ('ORD-H01', '2026-01-01')
2026-05-26 09:24:01  INFO      sigomei.server — Operación exitosa: iniciar_ejecucion | Respuesta: True
2026-05-26 09:24:01  INFO      sigomei.server — Daemon cerrado. Hasta luego.
